Donors;bound_check;l1;l2;PRE_SC_RMSPE;PRE_SC_BIAS;PRE_SC_VAR;POST_SC_RMSFE;POST_SC_BIAS;POST_SC_VAR;SC_MZ_REG_inter;SC_MZ_REG_slope;PRE_OLS_RMSPE;PRE_OLS_BIAS;PRE_OLS_VAR;POST_OLS_RMSFE;POST_OLS_BIAS;POST_OLS_VAR;OLS_MZ_REG_inter;OLS_MZ_REG_slope;PRE_REGOLS_RMSPE;PRE_REGOLS_BIAS;PRE_REGOLS_VAR;POST_REGOLS_RMSFE;POST_REGOLS_BIAS;POST_REGOLS_VAR;REGOLS_MZ_REG_inter;REGOLS_MZ_REG_slope;PRE_NET_RMSPE;PRE_NET_BIAS;PRE_NET_VAR;POST_NET_RMSFE;POST_NET_BIAS;POST_NET_VAR;NET_MZ_REG_inter;NET_MZ_REG_slope;PRE_FACTOR_RMSPE;PRE_FACTOR_BIAS;PRE_FACTOR_VAR;POST_FACTOR_RMSFE;POST_FACTOR_BIAS;POST_FACTOR_VAR;FACTOR_MZ_REG_inter;FACTOR_MZ_REG_slope;PRE_UNIDYN_RMSPE;PRE_UNIDYN_BIAS;PRE_UNIDYN_VAR;POST_UNIDYN_RMSFE;POST_UNIDYN_BIAS;POST_UNIDYN_VAR;UNIDYN_MZ_REG_inter;UNIDYN_MZ_REG_slope;PRE_MULTIDYN1_RMSPE;PRE_MULTIDYN1_BIAS;PRE_MULTIDYN1_VAR;POST_MULTIDYN1_RMSFE;POST_MULTIDYN1_BIAS;POST_MULTIDYN1_VAR;MULTIDYN1_MZ_REG_inter;MULTIDYN1_MZ_REG_slope;PRE_MULTIDYN2_RMSPE;PRE_MULTIDYN2_BIAS;PRE_MULTIDYN2_VAR;POST_MULTIDYN2_RMSFE;POST_MULTIDYN2_BIAS;POST_MULTIDYN2_VAR;MULTIDYN2_MZ_REG_inter;MULTIDYN2_MZ_REG_slope;PRE_MULTIDYN3_RMSPE;PRE_MULTIDYN3_BIAS;PRE_MULTIDYN3_VAR;POST_MULTIDYN3_RMSFE;POST_MULTIDYN3_BIAS;POST_MULTIDYN3_VAR;MULTIDYN3_MZ_REG_inter;MULTIDYN3_MZ_REG_slope;PRE_VAR_RMSPE;PRE_VAR_BIAS;PRE_VAR_VAR;POST_VAR_RMSFE;POST_VAR_BIAS;POST_VAR_VAR;VAR_MZ_REG_inter;VAR_MZ_REG_slope
2;1;;;;;;;;;0,7754848717010255;-0,06853824786977433;;;;;;;-0,1952311219634896;1,0415692555702025;;;;;;;-2,31409817826907e+01;30,5599421840238072;;;;;;;-0,58832504247714790;1,5538391469037016;;;;;;;-0,1952311219634920;1,0415692555702065;;;;;;;-7,04100478538633e-01;1,7415404538542834;;;;;;;1,31203684879267102;-0,7958333983381969;;;;;;;-0,67924117929950834;1,48880939257095890;;;;;;;-3,90758494228103226;6,03413661687941e+00;;;;;;;-0,73554380798801478;1,97151315724014e+00
2;2;;;;;;;;;2,9432751744537939;0,13493719468263587;;;;;;;6,4208585091409001;-0,9578873004203472;;;;;;;3,74687757629881e+01;-10,6642026716669829;;;;;;;10,36577360757511457;-2,1907488801226092;;;;;;;6,4208585091409187;-0,9578873004203533;;;;;;;2,50613471808356e+00;0,2645430697206388;;;;;;;-0,42035427606782266;1,2075848257190067;;;;;;;-0,12553237051641167;1,11547840516755747;;;;;;;-1,27195166847028118;1,47121501307904e+00;;;;;;;-0,15406868197295387;1,11055754022804e+00
2;1;;;;;;;;;1,2678887419682514;0,06236351434902249;;;;;;;0,7871599543633682;0,5774917702219463;;;;;;;-7,95083031478726e-01;2,1121007934748182;;;;;;;0,36018396665755914;0,9911620624455146;;;;;;;0,7871599543633666;0,5774917702219475;;;;;;;4,17267185969528e-01;0,9275077682778023;;;;;;;0,52622460881797328;0,8486834469110093;;;;;;;-0,33384215773603709;1,89843945643609247;;;;;;;1,41024048872711427;NA;;;;;;;2,04277796949550394;-5,40421880999374e-01
2;1;;;;;;;;;1,1076138347672682;0,22532777214220034;;;;;;;-0,3622238715455688;1,0546616783667955;;;;;;;-4,13482387155104e-01;1,0855307781339090;;;;;;;-0,61124249889730808;1,1938544833054308;;;;;;;-0,3622238715455706;1,0546616783667959;;;;;;;-3,79965047874082e-01;1,0436516237084665;;;;;;;-0,46057628682353574;1,1604124199118411;;;;;;;-0,31583809733317175;1,07500706076870411;;;;;;;-0,34350317058989405;1,09462138549005e+00;;;;;;;-0,53718193008625748;1,18862244013001e+00
2;1;;;;;;;;;1,3108786282888343;-0,14101303004107779;;;;;;;1,1401468122167879;-0,3973579905948330;;;;;;;3,10150423309893e+00;-17,3240097324107438;;;;;;;1,14088915737017516;-0,4230275774264360;;;;;;;1,1401468122167879;-0,3973579905948327;;;;;;;1,29177061735781e+00;-1,9473819812127040;;;;;;;1,38825622435124529;0,4459892454882848;;;;;;;1,38238429864723344;0,42277519757749948;;;;;;;1,07869376459752631;5,13091851698436e-01;;;;;;;1,22776954580144748;5,98781553840211e-01
2;2;;;;;;;;;1,2525329314701790;-0,04048604981677641;;;;;;;1,5988403975150181;-0,3023422486067088;;;;;;;1,58122388166670e+00;-0,2885768137830959;;;;;;;1,18756354805040210;NA;;;;;;;1,5988403975150161;-0,3023422486067074;;;;;;;7,10740080430026e-01;0,3600187740321943;;;;;;;-4,84664062747090352;4,8730480783477805;;;;;;;0,30805142373793443;0,71135624690262211;;;;;;;0,83724421217479572;2,69248805196613e-01;;;;;;;0,78535883911459270;3,11462948145430e-01
2;2;;;;;;;;;1,7336615907201784;0,04281611712451196;;;;;;;-1,4897518098466915;1,8875094564420465;;;;;;;-1,77371322668053e+02;101,4013242625781288;;;;;;;1,81625791953391191;NA;;;;;;;-1,4897518098466824;1,8875094564420407;;;;;;;-2,35107392024153e+00;2,3542777210608734;;;;;;;-0,63786839358684644;1,4654261008948319;;;;;;;-4,61106518587299608;4,06237996905433008;;;;;;;-2,76782006208124320;2,58347208917622e+00;;;;;;;-0,68471433946088833;1,42825247980381e+00
2;2;;;;;;;;;1,4095358753796214;0,13212534736228088;;;;;;;1,2072352464636145;0,2425899456455598;;;;;;;1,24103019100037e+00;0,2242528622154260;;;;;;;1,16766536073146399;0,2623943449167613;;;;;;;1,2072352464636142;0,2425899456455599;;;;;;;8,43808678873874e-01;0,4325612215323159;;;;;;;0,61155780577185537;0,5662523887707275;;;;;;;0,60044467319106742;0,56452180198508417;;;;;;;0,45832268919993263;6,32369384558421e-01;;;;;;;0,57924931158112380;5,74552075499119e-01
2;1;;;;;;;;;-0,7463553347909782;0,29064475847632010;;;;;;;-0,9811989872204883;0,9636236602534662;;;;;;;-1,22404371665433e+01;15,1716725198688120;;;;;;;-1,11012790872951395;1,1274262530793455;;;;;;;-0,9811989872204879;0,9636236602534661;;;;;;;-1,14235715080434e+02;139,5021607233558711;;;;;;;-2,43993737825845525;2,4876598457335426;;;;;;;-2,33526580943817796;2,38369407800905497;;;;;;;-1,51054880314227824;1,34987731202278e+00;;;;;;;-1,04595865785917219;7,10699017209674e-01
2;2;;;;;;;;;1,9589742529392058;-0,25843433788889830;;;;;;;1,2041365547003082;0,2406760954140147;;;;;;;-3,72015744110489e+00;3,4440142557436588;;;;;;;1,12230025459501670;0,2929852769664782;;;;;;;1,2041365547003093;0,2406760954140139;;;;;;;6,19054130580388e-01;0,6153966224363582;;;;;;;-0,30137431798114311;1,0609055090918662;;;;;;;1,51272026302966101;0,04105796682179105;;;;;;;-0,01099716639556992;1,00858360890536e+00;;;;;;;0,56098086001458691;6,41254676235351e-01
2;2;;;;;;;;;1,6540366016237198;-0,02670935071755500;;;;;;;1,4972449342625975;0,0709243328727909;;;;;;;1,49240244292801e+00;0,0739387588505849;;;;;;;1,49647182714503968;0,0714044337533072;;;;;;;1,4972449342625973;0,0709243328727909;;;;;;;1,18292217416108e+00;0,2642288907336203;;;;;;;1,75263695281431442;-0,0904282420890422;;;;;;;2,20925218531641754;-0,39120311479280206;;;;;;;2,22353362825465917;-3,80450634356812e-01;;;;;;;1,60058832420492370;7,29261473742234e-03
2;1;;;;;;;;;0,6463265907716543;-0,04931868255574005;;;;;;;-0,2256579034598781;1,0332306178122612;;;;;;;-1,19973691557723e-01;0,8734013478382548;;;;;;;-0,23080832050088138;1,0400570919546228;;;;;;;-0,2256579034598777;1,0332306178122606;;;;;;;-1,30674075197050e+00;2,5253470415060124;;;;;;;-0,61931931166517618;1,4953769917529005;;;;;;;-0,01342668566749261;0,70300861093002209;;;;;;;-0,46790482195502736;1,38036372774329e+00;;;;;;;-0,23905137263633200;1,05513679114018e+00
2;1;;;;;;;;;0,7962233474335327;0,40378507669945801;;;;;;;0,5326229494220780;0,5852183951354484;;;;;;;5,48497543896749e-01;0,5763053901066063;;;;;;;0,52725735573640797;0,5887472820917844;;;;;;;0,5326229494220783;0,5852183951354482;;;;;;;3,88857674034317e-01;0,6899872345168696;;;;;;;0,26281614702122719;0,7486534504150050;;;;;;;0,26255358628376618;0,74406271441509386;;;;;;;0,43261297184817915;6,36163300881272e-01;;;;;;;1,15052134508703641;2,18287442353886e-01
2;3;;;;;;;;;1,9984015324271900;0,11419431452296373;;;;;;;1,0244370416628150;0,6271506540028980;;;;;;;1,58506326837809e+00;0,3146042116675709;;;;;;;0,95921545733026770;0,6620944270214358;;;;;;;1,0244370416628201;0,6271506540028952;;;;;;;1,15587336358234e+00;0,5578217569009825;;;;;;;2,33068345525526555;-0,1050528739748580;;;;;;;2,29775483987424689;-0,08576962147808698;;;;;;;2,43127610009497186;-1,55051670907353e-01;;;;;;;2,53034848223558750;-1,94033650802143e-01
2;1;;;;;;;;;1,3042603854726302;0,14060528168484998;;;;;;;0,2799343214087279;0,8049418460451562;;;;;;;-2,51315727508541e-01;1,1363148635406133;;;;;;;-0,34577931133037265;1,2039617425507276;;;;;;;0,2799343214087279;0,8049418460451558;;;;;;;-2,89566302973001e-01;1,1895504255840055;;;;;;;0,15775858981453922;0,9931908801518516;;;;;;;-1,12620146040906732;1,88476410555468910;;;;;;;0,30756973254198061;7,94472556930805e-01;;;;;;;0,64055150312505094;5,87286988245120e-01
2;2;;;;;;;;;1,0485433505425197;0,51687698247357128;;;;;;;-0,1444983678234651;1,2098316498813397;;;;;;;2,90387776765108e-01;0,9338739583019315;;;;;;;-0,15724803586083363;1,2179331430315177;;;;;;;-0,1444983678234654;1,2098316498813397;;;;;;;-6,95630456963431e-01;1,5451698181996647;;;;;;;-0,05837704166970491;1,1438255734406912;;;;;;;-0,00652218736301733;1,08346097475242531;;;;;;;0,49626906327431031;8,30450224159971e-01;;;;;;;0,94951375194272547;5,59668016409099e-01
2;3;;;;;;;;;1,6328427390301525;0,16925692422143571;;;;;;;0,9006793047761732;0,4754114081466907;;;;;;;5,48451546497608e-02;0,9848118368124301;;;;;;;0,89297976409990210;0,4801229747131530;;;;;;;0,9006793047761764;0,4754114081466885;;;;;;;8,55216744517526e-01;0,4976386984474443;;;;;;;0,68215799969205437;0,6293101030021372;;;;;;;0,54683821213158845;0,67434785102775918;;;;;;;0,10216017272152697;9,62985232743132e-01;;;;;;;0,64627339034115372;6,33188683741958e-01
2;1;;;;;;;;;0,6674726155829722;-0,17750668712602724;;;;;;;0,6219362465012438;-0,2299166464030448;;;;;;;6,27097758415151e-01;-0,2386408466823154;;;;;;;0,62314686867415647;-0,2317573445605351;;;;;;;0,6219362465012439;-0,2299166464030451;;;;;;;7,58487211026526e-01;-0,4835253209617088;;;;;;;0,23661247755150888;0,2831055091791163;;;;;;;0,22711634824889246;0,28933924238338893;;;;;;;-0,04463689461077387;3,88165964736523e-01;;;;;;;-0,16470872868900546;3,87676036745086e-01
2;2;;;;;;;;;2,4359587354680383;-0,10256348347247719;;;;;;;3,3318553120393166;-0,5455157680040441;;;;;;;4,08048158642454e+00;-0,9244500056913023;;;;;;;3,52882993986823790;-0,6451593052274611;;;;;;;3,3318553120393157;-0,5455157680040438;;;;;;;3,12044805882622e+00;-0,4432711201663032;;;;;;;0,18455343250280459;1,0016195811869484;;;;;;;0,90556691104949583;0,65150733893771040;;;;;;;0,76368622019877519;7,20459319901865e-01;;;;;;;0,85358667179720549;6,70922243970864e-01
2;2;;;;;;;;;3,4038511914439566;0,05609114199708754;;;;;;;4,7761786889935678;-0,3483386427973510;;;;;;;4,91025805173108e+00;-0,3882169880090313;;;;;;;4,78380613428119972;-0,3505845800493483;;;;;;;4,7761786889935713;-0,3483386427973522;;;;;;;2,07500892993385e+00;0,4337407114287468;;;;;;;8,09417236949325414;-1,3430073274096102;;;;;;;2,19315675474365923;0,40570184525080616;;;;;;;2,04309977090184658;4,33189430814720e-01;;;;;;;0,90405039650987584;7,55114446051190e-01
2;3;;;;;;;;;2,2564619439797053;0,38310669807117337;;;;;;;1,2873573471651234;0,6448458312165987;;;;;;;1,30118084671812e+00;0,6356370802755660;;;;;;;1,27775119248289015;0,6487971482373539;;;;;;;1,2873573471651216;0,6448458312165992;;;;;;;6,56494047948396e-01;0,9013575877282204;;;;;;;0,88916299892512574;0,9559608273873508;;;;;;;0,95724227684196650;0,93680529244002408;;;;;;;0,92123482030679882;9,78034764335302e-01;;;;;;;1,16978376511928750;9,02672043726437e-01
2;1;;;;;;;;;0,5290015050301223;0,17556806262146799;;;;;;;0,0675153555399590;0,5980437855880891;;;;;;;-2,02721156534886e+01;16,0700068585771128;;;;;;;0,05753426367968190;0,6056289730857627;;;;;;;0,0675153555399572;0,5980437855880906;;;;;;;-2,72523759813519e+02;207,1809168283934639;;;;;;;0,53518823022210060;0,1361943080150643;;;;;;;0,36958208463082715;0,22144543878126494;;;;;;;0,78440261652747967;3,39201573401095e-02;;;;;;;0,24741179826209192;4,46015832501798e-01
2;1;;;;;;;;;-1,2343132678506257;0,01688986603846195;;;;;;;-2,1799455564767323;-0,8401755832256242;;;;;;;-1,50341532648797e+01;-11,4261097489509034;;;;;;;-2,39689614119857408;-1,0078185831282236;;;;;;;-2,1799455564767318;-0,8401755832256237;;;;;;;-1,01672508609125e+00;0,1548420129142743;;;;;;;-1,10220064575138843;0,0849802482039556;;;;;;;-1,08076084333728750;0,10538468243083568;;;;;;;-1,14532026981633628;4,49910576886217e-02;;;;;;;-1,18261400804244854;1,41720545794999e-02
2;1;;;;;;;;;-1,9896401727037556;0,07224832987717793;;;;;;;-1,6667629567885411;0,1869006003456753;;;;;;;-1,59458860614401e+00;0,2355933168527133;;;;;;;-1,66173670796878437;0,1903785670351847;;;;;;;-1,6667629567885414;0,1869006003456752;;;;;;;-1,65737130919668e+00;0,2033344746810359;;;;;;;-1,19473518031434911;0,4333114971660564;;;;;;;-1,15087745703414956;0,45653530271889903;;;;;;;-1,22840298074044152;4,49595202596158e-01;;;;;;;-1,23207627862803037;4,50532102691131e-01
2;3;;;;;;;;;1,0260259436578942;0,05984736719681154;;;;;;;0,8122954912616923;0,2064873115635979;;;;;;;9,69900675210923e-01;0,0904811952786117;;;;;;;0,75439718800478062;0,2485382539648357;;;;;;;0,8122954912616928;0,2064873115635975;;;;;;;1,19085287228614e+00;-0,0779198495370143;;;;;;;0,89167501401792693;0,1468231810989316;;;;;;;0,95372080569725726;0,09275978624224349;;;;;;;0,96244528469833512;9,01149186511068e-02;;;;;;;1,40405167887881333;-2,35121529746702e-01
2;2;;;;;;;;;0,7270717774742638;-0,12709670449218932;;;;;;;0,8283236835115881;-0,2636731459759049;;;;;;;4,67232582426681e+00;-9,3014517323478749;;;;;;;0,88801333512392988;-0,4094254230543091;;;;;;;0,8283236835115880;-0,2636731459759048;;;;;;;3,60336127728556e-01;0,7296652466138376;;;;;;;0,61541993562643971;0,3000513558528059;;;;;;;0,54876331731932348;0,46994399687044119;;;;;;;-0,04138544218381940;1,41872798234360e+00;;;;;;;-0,25984834779397098;1,80419626342250e+00
2;2;;;;;;;;;2,3165883113079793;0,33447882687656827;;;;;;;-1,0478497163684697;1,2429358476859305;;;;;;;-3,89496683713736e+00;2,0341577731333937;;;;;;;-1,45987089504316314;1,3585354582255318;;;;;;;-1,0478497163684752;1,2429358476859320;;;;;;;-3,41082975496088e+00;1,9138339389066443;;;;;;;0,87425758870402026;0,7328722775836138;;;;;;;0,83571494847714778;0,74385757092708582;;;;;;;0,62721730434837031;7,85401944204208e-01;;;;;;;0,17880882561724873;9,11091755612566e-01
2;1;;;;;;;;;0,4469332103794112;0,48309264110676042;;;;;;;-0,1349501965568539;0,9597730967752695;;;;;;;-2,26465624772945e-01;1,0188501796100562;;;;;;;-0,25653361129758095;1,0418511131217345;;;;;;;-0,1349501965568556;0,9597730967752700;;;;;;;-2,17943269928579e-01;0,9941870525780602;;;;;;;-0,06405264217434191;1,0035205153232478;;;;;;;-0,06769342321768355;0,99504124326576926;;;;;;;-0,23530666825418373;9,97644979121919e-01;;;;;;;-0,21941998863577400;9,80043636266354e-01
2;2;;;;;;;;;0,9954604778911311;-0,09288919872194457;;;;;;;-1,1911484763704108;1,6028998285595364;;;;;;;-3,56128742053492e+00;3,3239145382941375;;;;;;;-2,30580549218450415;2,4215354019832191;;;;;;;-1,1911484763704128;1,6028998285595377;;;;;;;-1,20846784263351e+00;1,4669331839841435;;;;;;;1,37822464915249698;-0,1481523529304483;;;;;;;1,17593371573548855;-0,08342516206915647;;;;;;;1,45510135438134003;-4,20319419165710e-01;;;;;;;1,12135312581888291;-1,89275541855222e-01
2;2;;;;;;;;;0,2021708053779789;-0,08325729301749295;;;;;;;0,1763871172401089;0,3486477595631559;;;;;;;1,47840429220495e-01;0,4335936061259313;;;;;;;0,17016458664358067;0,3651705610545136;;;;;;;0,1763871172401091;0,3486477595631554;;;;;;;6,94484787560746e-02;0,4974298973600751;;;;;;;-0,19954959392515118;0,9077327553437339;;;;;;;0,09162410555355474;0,34152060283548680;;;;;;;0,11173716983060396;5,93003290605967e-01;;;;;;;-0,00285276631462878;4,93223972738072e-01
2;1;;;;;;;;;0,8875063087880501;-0,22700678068833283;;;;;;;2,5597505482718450;4,3302187737290732;;;;;;;-5,53653197606460e-01;-2,0884151285010746;;;;;;;0,52711751375218463;NA;;;;;;;2,5597505482718397;4,3302187737290616;;;;;;;8,64884948972041e-01;1,0144800295824810;;;;;;;0,47221117583376904;0,9145678829696096;;;;;;;0,49971506367041008;0,90659633433382991;;;;;;;0,31328025782694185;8,41636886232929e-01;;;;;;;0,24288696744453786;7,56951743750619e-01
2;2;;;;;;;;;1,5275386200145116;0,00280227282374293;;;;;;;-3,2397443344665309;2,8855921879157749;;;;;;;-5,58822491045557e+00;4,3103884026455361;;;;;;;1,53128644610827402;NA;;;;;;;-3,2397443344665340;2,8855921879157771;;;;;;;-9,91760422152802e+00;6,8404245845712097;;;;;;;1,09027845729774842;0,2584196220848731;;;;;;;0,83658675388252202;0,41042279618623451;;;;;;;0,42832941492360727;6,90067695844203e-01;;;;;;;0,74903096501182675;4,97927102845132e-01
2;2;;;;;;;;;0,4406817786219886;0,06196955065918634;;;;;;;0,4269887099218828;0,1052935711007537;;;;;;;4,04379324046920e-01;0,1196640725881889;;;;;;;0,37432548586109221;0,1717489261519663;;;;;;;0,4269887099218821;0,1052935711007545;;;;;;;-3,94998939410469e-02;0,6456812479781020;;;;;;;-0,15725135989988318;0,7123275666793640;;;;;;;0,18490807980803481;0,29747589810606134;;;;;;;-0,32672986514049784;8,59266345997228e-01;;;;;;;-0,56850112317164581;1,13364388965320e+00
2;2;;;;;;;;;2,9855840785007479;-0,27175053496969076;;;;;;;1,7377330965048798;0,2824101925071869;;;;;;;5,35196007734384e+00;-1,2413559026694281;;;;;;;2,41254340720994609;NA;;;;;;;1,7377330965048694;0,2824101925071912;;;;;;;3,83620133515157e-01;0,8540659780303120;;;;;;;1,97257267973996742;0,1670711106093160;;;;;;;0,59304417553650945;0,69949694396045925;;;;;;;-0,04763347814419660;1,03441421815524e+00;;;;;;;0,60385817185841195;7,59964181743539e-01
2;3;;;;;;;;;1,0783077682798916;0,14762043279946654;;;;;;;0,5943465633792540;0,4188894130072774;;;;;;;4,85491776688086e-01;0,4859773884850947;;;;;;;0,54880577989679213;0,4467348927440328;;;;;;;0,5943465633792540;0,4188894130072773;;;;;;;8,90630005869359e-01;0,2311445179974933;;;;;;;0,60460320205583751;0,4209906958872026;;;;;;;0,56391929199987623;0,44779662095116973;;;;;;;0,42994936428518687;4,54751030843244e-01;;;;;;;0,56977736206686136;3,71869678815305e-01
2;2;;;;;;;;;0,8396741864709851;-0,31091678138246814;;;;;;;-0,1159286820740287;1,0679649783895078;;;;;;;-1,08164190854162e-01;1,0326556489066934;;;;;;;-0,12054789570166012;1,0750900929549250;;;;;;;-0,1159286820740290;1,0679649783895078;;;;;;;-6,22213368453830e-01;1,8530084171253884;;;;;;;-0,05048635617276858;0,6540191542546382;;;;;;;-0,16279851329051465;0,74362581559413032;;;;;;;0,17654601715086599;4,33785843511668e-01;;;;;;;0,41258243822841129;5,12351228595525e-02
2;3;;;;;;;;;2,7940398046336883;0,15411423076453645;;;;;;;1,3440638529186317;0,5495215422540362;;;;;;;8,54056789814860e-01;0,6865176941190752;;;;;;;0,65817311960941738;0,7487966254049502;;;;;;;1,3440638529186331;0,5495215422540358;;;;;;;1,97310545720595e-01;0,8895347478215833;;;;;;;1,14266857420157786;0,6445430539314594;;;;;;;1,28081241994533634;0,60039497188216784;;;;;;;0,31255181661814896;8,61324359038200e-01;;;;;;;1,03576192666013589;6,48733874268441e-01
2;3;;;;;;;;;1,4060615223448913;0,22122492285061016;;;;;;;-1,0091022960425489;1,5004125407868991;;;;;;;-6,12371165988586e-01;1,2819127564371169;;;;;;;-1,03167107605425890;1,5129233069732684;;;;;;;-1,0091022960425513;1,5004125407869005;;;;;;;-1,14070399575289e+00;1,6129711202107135;;;;;;;-0,01180648749159359;1,0347329674866959;;;;;;;-0,04671320903333470;1,05187818804619160;;;;;;;-0,05166290501552839;1,02334726704122e+00;;;;;;;-0,17677684760958848;1,08804235142799e+00
2;3;;;;;;;;;2,9564460672496615;0,06384523943513419;;;;;;;2,2949241931708348;0,2330253063379191;;;;;;;2,57687532359206e+00;0,1516170134416429;;;;;;;1,91904691284623885;0,3415664238991992;;;;;;;2,2949241931708344;0,2330253063379192;;;;;;;1,56958550647992e+00;0,4394855058533250;;;;;;;1,09495751876976888;0,5618955059664772;;;;;;;1,15295871508187631;0,54507671979593353;;;;;;;0,84980588337497309;6,44320669642357e-01;;;;;;;0,87678862469267660;6,39242770530425e-01
2;2;;;;;;;;;3,2609545037932013;0,05456549980036558;;;;;;;2,7989442673505347;0,1856224875925162;;;;;;;-4,07796826222872e+01;13,2159653188960533;;;;;;;3,41797455927804350;NA;;;;;;;2,7989442673505267;0,1856224875925185;;;;;;;3,09284493384079e-01;0,9358881268280846;;;;;;;-0,74111907844079816;1,1955880121071296;;;;;;;-83,59132484049143841;24,92238278281092079;;;;;;;-7,34735822859710463;3,23796198487051e+00;;;;;;;1,12430801545538150;6,94997087453841e-01
2;3;;;;;;;;;3,2657686406341790;0,22246867035554141;;;;;;;1,2264299936440530;0,7168896262445117;;;;;;;9,74393068637680e-01;0,7819315792083744;;;;;;;0,24003866825194439;0,9685340680256964;;;;;;;1,2264299936440395;0,7168896262445151;;;;;;;6,15945540968373e-02;1,0218074342291534;;;;;;;-0,32832146699442233;1,1483812402235787;;;;;;;-0,08778309285068354;1,07833162117049142;;;;;;;2,64627204268754479;3,51605192842911e-01;;;;;;;3,20764673371366804;2,03081384159470e-01
2;3;;;;;;;;;3,5707951639836746;-0,18524699480890833;;;;;;;3,4423210593538487;-0,0327687660407879;;;;;;;4,37374313593295e+00;-0,3234118751358386;;;;;;;3,47592330310748654;-0,0431855643692083;;;;;;;3,4423210593538438;-0,0327687660407863;;;;;;;-8,33369759770924e-01;1,2908774193121089;;;;;;;0,60532173915920195;0,7967183528634969;;;;;;;-0,65735177020112423;1,16650711457777478;;;;;;;-0,92442757348777538;1,30840374862285e+00;;;;;;;0,28811695800676618;9,42726756195543e-01
2;1;;;;;;;;;-0,2612681700544960;0,95794842944511782;;;;;;;-0,3713066452343896;1,1757681923353784;;;;;;;-1,97396509776669e-01;1,0655304414841182;;;;;;;-0,63821235254100228;1,3331941759257340;;;;;;;-0,3713066452343875;1,1757681923353775;;;;;;;-6,40567331499974e-01;1,2526584210182765;;;;;;;1,36223208760389025;0,0321894097387939;;;;;;;1,18324350664641931;0,10454488723743117;;;;;;;1,56766254420414830;-5,32460400323335e-02;;;;;;;1,55890539331043287;-4,95182769482111e-02
2;1;;;;;;;;;-2,9099279684333310;0,35355780616802857;;;;;;;1,3861989010920366;2,2283289465030642;;;;;;;8,02255350544544e+01;46,2937400373635199;;;;;;;1,56403258622655006;2,3277882215644699;;;;;;;1,3861989010920386;2,2283289465030647;;;;;;;-3,42650470742538e-01;1,0101848518175895;;;;;;;0,07816174880664487;1,0449335685008239;;;;;;;-0,03811079504911625;1,01126063098040775;;;;;;;-0,03100248126945260;1,04382145079091e+00;;;;;;;-0,00198122764558659;1,01633853914104e+00
2;2;;;;;;;;;0,8383184155043516;0,62803255373565881;;;;;;;-0,7817113736375307;1,5738369928484133;;;;;;;-1,03266545235948e+00;1,7302231311729910;;;;;;;-0,92754586895021396;1,6718729690599545;;;;;;;-0,7817113736375333;1,5738369928484144;;;;;;;-1,22847990708481e+00;1,8905380475018654;;;;;;;0,18451425427880325;0,9350838072319477;;;;;;;0,09389575016660913;1,00104087552013077;;;;;;;0,08199555345266329;9,76741679552126e-01;;;;;;;0,31332238683859237;8,29821960007091e-01
2;2;;;;;;;;;1,8075114475023721;0,16641083707949747;;;;;;;3,6620664416403783;-0,5706373156715870;;;;;;;3,73032225781487e+00;-0,5974811443192094;;;;;;;3,81917903183666096;-0,6324491152586623;;;;;;;3,6620664416403845;-0,5706373156715892;;;;;;;8,98122613069891e-01;0,5367655537324943;;;;;;;-1,02109716730458033;1,3565300128024618;;;;;;;-2,37259997926764132;1,97264354558003863;;;;;;;0,51764967431139963;6,98058611652952e-01;;;;;;;0,60705288415221126;6,67065840516176e-01
2;2;;;;;;;;;1,9184989999156787;0,01718647631200190;;;;;;;-0,2590065735913514;1,1305453073495293;;;;;;;4,60147538722193e-01;0,7613110783969437;;;;;;;-0,47448783040188608;1,2411560386847595;;;;;;;-0,2590065735913552;1,1305453073495315;;;;;;;-1,54108786489412e+00;1,7999477549621392;;;;;;;1,03218819841551745;0,4143082039418186;;;;;;;0,94828500645912217;0,45627804724262772;;;;;;;0,97461453054994063;4,79658271271134e-01;;;;;;;0,07618403698019256;9,54585458791752e-01
2;2;;;;;;;;;2,0575156118676374;-0,01430189587194578;;;;;;;-9,1093539564736190;5,7738372504638127;;;;;;;2,43575139573034e+00;-0,2051438515238096;;;;;;;2,02920971986142673;NA;;;;;;;-9,1093539564735853;5,7738372504637923;;;;;;;2,61317418551108e+00;-0,3105419820618595;;;;;;;0,18833905833788067;0,9996100109150335;;;;;;;0,92425162223609603;0,59797009862024253;;;;;;;0,50135686723509121;8,00173933125078e-01;;;;;;;0,97219303709580063;5,50295786414042e-01
2;3;;;;;;;;;1,5972141045685144;0,22716893691079176;;;;;;;-0,3171931830326154;1,2662575985767281;;;;;;;-9,42563689388251e-01;1,6176858183728047;;;;;;;-0,41615996298238017;1,3209839550288243;;;;;;;-0,3171931830326210;1,2662575985767308;;;;;;;-9,45490323529438e-01;1,6776388509294704;;;;;;;0,75479463625651744;0,6676108980068912;;;;;;;0,79270617341543470;0,64951128821090443;;;;;;;0,24786942401581097;9,40594838941801e-01;;;;;;;0,50191137265766705;8,07515284761553e-01
2;1;;;;;;;;;0,9311090808841798;0,20284872978602295;;;;;;;0,1610739475380285;1,3613780892051239;;;;;;;5,98633165655555e-01;0,8365406788586776;;;;;;;0,15507122985214955;1,3695102101832581;;;;;;;0,1610739475380266;1,3613780892051257;;;;;;;3,80225749788150e-01;1,1081139637534678;;;;;;;0,77605686574479038;0,8797211589281415;;;;;;;0,43467214658539710;1,39932534833158440;;;;;;;0,23661006668498677;1,13260339712598e+00;;;;;;;0,25770051518328912;1,07027297942770e+00
4;5;;;;;;;;;1,2877923427121749;1,33020934654378986;;;;;;;0,2529202825877861;1,0264865840233295;;;;;;;-7,25836557777804e-02;1,1273139781154586;;;;;;;0,22779811936092523;1,0338991930417438;;;;;;;0,1898907973620006;1,0504589735354064;;;;;;;4,06818473323724e-01;0,9335918826961033;;;;;;;0,33081009786496207;0,8811366178078043;;;;;;;0,18518124124120561;0,93379284845664778;;;;;;;0,21252096226229492;9,36081692276646e-01;;;;;;;0,43627590574933034;8,47025720170885e-01
4;4;;;;;;;;;2,3097787454908945;-0,22778785922037365;;;;;;;-1,3469287101584766;1,6353724825592646;;;;;;;-1,99410635364341e+00;1,9812511115647256;;;;;;;-1,36903563152568508;1,6470626757258227;;;;;;;-1,3620173784031719;1,6600108565916192;;;;;;;-8,77176697455280e+00;5,6699718041636453;;;;;;;-1,98375981787047628;2,1433279887425987;;;;;;;-7,03372544838477065;4,95058922093773202;;;;;;;-2,30754672185349374;2,15958779061558e+00;;;;;;;-1,13821054628889451;1,51809965529744e+00
4;2;;;;;;;;;0,3129791627892369;0,69908862319083609;;;;;;;0,4785483455419144;0,6619644727287745;;;;;;;3,81687066353421e-01;0,7104514195868490;;;;;;;0,28218333929560052;0,7791433132290003;;;;;;;0,0647660908606945;0,8938313659289473;;;;;;;-2,83649316657220e-01;1,1019315903151559;;;;;;;-0,43068757037394589;1,1719056671911081;;;;;;;-0,66147109256407444;1,30604307980425993;;;;;;;-0,16630236552572297;9,92172920762102e-01;;;;;;;-0,10324846655575125;9,83594274009659e-01
4;4;;;;;;;;;1,9407264296527384;-0,10318020247131091;;;;;;;-0,3845021423741366;1,1040190994298602;;;;;;;-3,18409354568718e+00;2,4664870514385910;;;;;;;-0,45630859453004818;1,1414688680995555;;;;;;;-3,3100665229696880;2,5156604513780061;;;;;;;-1,46557995430708e+00;1,6883635310286234;;;;;;;-0,92400718359515444;1,3643131265378463;;;;;;;1,32419297194726826;0,24065023998661217;;;;;;;-0,69598524188287947;1,35793096983763e+00;;;;;;;-0,72532664442275674;1,34108122659285e+00
4;3;;;;;;;;;1,8644425870428853;-0,07535803285444351;;;;;;;0,7133414377471701;0,6731225956257024;;;;;;;-4,70829208638049e-01;1,4552086231930821;;;;;;;0,59985677906083357;0,7477380416976689;;;;;;;1,1018858354823280;0,4222593460592354;;;;;;;-2,29738404039989e+00;2,5607855672427680;;;;;;;1,72101271364726394;0,0250148336505133;;;;;;;3,89110983620952622;-1,41836286185206117;;;;;;;-0,71705022318836453;1,57451542648853e+00;;;;;;;2,02907443361819428;-1,80458983935742e-01
4;3;;;;;;;;;2,0211174423506217;0,24826454910620804;;;;;;;1,1884008655643576;0,6455204022665194;;;;;;;-2,64730942370011e-01;1,4070701663069043;;;;;;;1,14847026998459723;0,6660197486111867;;;;;;;1,1366140187962843;0,6572264432002888;;;;;;;-4,26279596484907e-02;1,3260776674072341;;;;;;;1,43594192740461835;0,4856213853082889;;;;;;;1,31396003529405592;0,53995202174105006;;;;;;;1,22522934657426474;5,92808574304294e-01;;;;;;;1,64111815830163676;3,73102174546575e-01
4;4;;;;;;;;;2,0889579576778017;0,37458731920687194;;;;;;;6,5236915384501977;-0,9868508467372317;;;;;;;7,31583378533396e+00;-1,2166348797274933;;;;;;;6,79961996071326702;-1,0692917550247409;;;;;;;5,3904872561233210;-0,6428793375827511;;;;;;;-1,65426041595162e+00;1,4764691359952109;;;;;;;-0,91339011969436734;1,2917817291886460;;;;;;;-1,23616826208982244;1,40846001464472326;;;;;;;-1,17175211789150735;1,34126581447451e+00;;;;;;;-0,74170762149878888;1,19578221447235e+00
4;1;;;;;;;;;-0,2789544409603885;0,23456231468189123;;;;;;;-0,2416816035314713;0,7867760505630520;;;;;;;-2,77712280915111e-01;0,8734613202941376;;;;;;;-0,30309213184113204;1,1018573221097263;;;;;;;-0,2214613056900913;0,7897174619913364;;;;;;;-1,57736620750945e-01;0,6420534806818683;;;;;;;-0,07860687193729711;0,1712499026309698;;;;;;;-0,16840273220182356;0,30077974597771762;;;;;;;-0,21314048782270134;4,80094395267161e-01;;;;;;;-0,21210707404084023;3,75515518864462e-01
4;5;;;;;;;;;0,2825237124937090;1,00431372601037916;;;;;;;-0,2049867568495513;1,1650704435368477;;;;;;;-1,40261082026413e+00;1,6418075147937086;;;;;;;-0,22718134639810744;1,1749078183498627;;;;;;;-0,4583355968372543;1,2500188500535812;;;;;;;-3,27861165118110e+00;2,3405938770951984;;;;;;;-2,49816752207905290;1,8228597213214646;;;;;;;0,00897548433147913;0,91182139593112865;;;;;;;-0,82165983539602794;1,13897185905437e+00;;;;;;;-0,35880629434865563;9,85197171215311e-01
4;5;;;;;;;;;3,0910385504028381;0,29267074134782994;;;;;;;0,5164764875493422;0,8025413313760226;;;;;;;-5,36698024391024e-02;0,9329276711783085;;;;;;;0,35954279673758233;0,8372111500445499;;;;;;;0,5553390420722383;0,7958547252513420;;;;;;;-1,46517022759880e-01;0,9558997796968896;;;;;;;-0,59529892570851117;1,0800940166372119;;;;;;;-0,64372581355506986;1,09584351219854970;;;;;;;0,34065191645037735;8,92371600294344e-01;;;;;;;0,57884120959937502;8,30809304811229e-01
4;3;;;;;;;;;0,0513042476830884;0,32146801489270271;;;;;;;0,0464949737552184;0,3975198544571081;;;;;;;1,73254789204462e-02;0,4268097798081774;;;;;;;0,03700140059852324;0,4091854292632763;;;;;;;0,1283256049619916;0,2617492116298991;;;;;;;-3,47712844781622e-01;0,7226679260916448;;;;;;;0,11675786140155101;0,6448608857177007;;;;;;;0,06015482757322761;0,60803550024482933;;;;;;;0,02007817540067272;6,70567955274364e-01;;;;;;;0,20087205724326543;5,91527745953214e-01
4;3;;;;;;;;;1,0015325022589228;0,06838374588931793;;;;;;;0,1181792708492361;0,7201107586966883;;;;;;;4,19632702737009e-02;0,7930304564995342;;;;;;;0,08357570326600217;0,7450683753216307;;;;;;;0,6441435553581883;0,3348234601864808;;;;;;;1,53623771035063e-01;0,7107096192866451;;;;;;;0,34030828620423376;0,7610638937510616;;;;;;;0,49105687604683884;0,57158393980859890;;;;;;;0,15827531580647386;8,01506276961769e-01;;;;;;;0,38132985553786963;6,31963920566631e-01
4;3;;;;;;;;;-0,0426392441648278;0,70664158047436487;;;;;;;-0,2656770578199378;0,8487875748190279;;;;;;;-4,07404066084040e-01;0,9381023714128620;;;;;;;-0,35039700874881186;0,9052313696765383;;;;;;;-0,2456282838671628;0,8260607316321030;;;;;;;-8,05627967817736e-01;1,1560362110983964;;;;;;;-0,52243985510917568;1,0313868991616899;;;;;;;-0,09324461123111280;0,70056097639870052;;;;;;;-0,50393592189366021;8,64593592888479e-01;;;;;;;0,75456830541650166;1,23086865207044e-01
4;1;;;;;;;;;0,2768943305634597;0,07472081368389910;;;;;;;0,1547632108927724;0,4091727711436465;;;;;;;2,31068436353434e-01;0,3069159785506954;;;;;;;0,11184607830570868;0,5016898991144756;;;;;;;0,2170837549425261;0,3472140353516842;;;;;;;-5,70477580761744e-02;0,7329200751031207;;;;;;;-0,00051695143258329;0,8461770697031308;;;;;;;-0,04010876601799300;0,72405351376497407;;;;;;;-0,15925222499512684;7,85940442788248e-01;;;;;;;-0,00783804802340115;6,51447604851814e-01
4;1;;;;;;;;;0,4764629109475219;0,70434366329018039;;;;;;;-0,0844989131817435;1,2959628579801588;;;;;;;2,26896294560286e-01;1,0882403259036335;;;;;;;-0,17221722109699072;1,3591327044960897;;;;;;;-0,0569063190740129;1,2675533651754827;;;;;;;3,10828321877877e-02;1,1149179300147449;;;;;;;-0,75900508993695570;1,7428379868410113;;;;;;;-0,56952273321339264;1,57548421766179425;;;;;;;-0,17323697762563706;1,16431431186656e+00;;;;;;;0,22269965383047577;8,97247723444671e-01
4;2;;;;;;;;;0,6905387958501920;0,64708442505468822;;;;;;;0,4671887358689515;0,7604114288443691;;;;;;;2,26733898566599e-02;0,9857881684802415;;;;;;;-0,12414655148327318;1,0524282057475529;;;;;;;0,3079682809792585;0,8216101769787775;;;;;;;-3,89018862674660e-01;1,1864005748011104;;;;;;;0,60107569854164011;0,7300864509246250;;;;;;;0,40780417108758249;0,81453623193284452;;;;;;;-0,06256404581873430;9,20675137167190e-01;;;;;;;0,80517438701234911;4,90601141792732e-01
4;2;;;;;;;;;-0,0233138760828626;1,02273595824700836;;;;;;;0,0433984488052891;1,1349742171113861;;;;;;;4,07623743125880e-02;1,1373571477493158;;;;;;;-0,03285634744792396;1,2000271484947023;;;;;;;0,1328759346980195;1,1244046677526294;;;;;;;1,06310531428385e-01;1,0542380583285516;;;;;;;0,36541920668080180;0,9917682114481053;;;;;;;0,48161377543726630;0,93907961621670477;;;;;;;0,26252619798864069;9,91492963578459e-01;;;;;;;0,35692337051524331;9,19442622137501e-01
4;3;;;;;;;;;0,2582793249398211;0,84810591587103112;;;;;;;-0,0504142178147269;1,0491169805352458;;;;;;;-2,01668832634457e-01;1,1392258105885287;;;;;;;-0,08808287541048852;1,0720529509920997;;;;;;;0,0181825356254224;1,0015160243773213;;;;;;;-3,73787859125567e-01;1,2579775266927475;;;;;;;-0,07813209554376199;1,1667338882414178;;;;;;;-0,07171889553827306;1,15617359012841270;;;;;;;0,52238611319016626;6,89694110428092e-01;;;;;;;0,63430366266832838;6,20804793281783e-01
4;5;;;;;;;;;3,9294046250666952;-0,22078009764937823;;;;;;;2,7262680751228543;0,2312505126749376;;;;;;;1,09914118541255e+01;-2,1426340004570457;;;;;;;2,42767392498785384;0,3171038312765216;;;;;;;4,4459488003246639;-0,2731701031919920;;;;;;;3,23145601095337e-02;0,9891428302336039;;;;;;;0,71096208488789037;0,7423603986824661;;;;;;;0,55211946935204359;0,78804301491306172;;;;;;;0,26910984926750703;8,89331780372968e-01;;;;;;;0,52831178216886931;8,13126367146860e-01
4;4;;;;;;;;;2,0298459430546316;0,31980201003868103;;;;;;;0,4620527906104903;0,8549968920686760;;;;;;;2,19399394666906e-02;1,0180455677066129;;;;;;;0,39838635785035775;0,8779636597642204;;;;;;;0,6567391178440045;0,8014332629131065;;;;;;;1,27524204706678e+00;0,5629324658296372;;;;;;;0,56672181647213782;0,7795490119894706;;;;;;;0,42669081048619084;0,84417024502642968;;;;;;;0,25269054152398662;9,33346420939912e-01;;;;;;;0,71893576126119740;7,63138868056869e-01
4;4;;;;;;;;;1,8074085396531736;0,18703739324405397;;;;;;;1,6139970023150969;0,2763084462580554;;;;;;;8,19695769529499e-01;0,6185751451305157;;;;;;;1,39150221497260129;0,3749025624979136;;;;;;;1,5570220445168887;0,3009935439644583;;;;;;;1,11957326537782e+00;0,4890909651450575;;;;;;;1,29748785030663538;0,4065851156991922;;;;;;;1,31521171759393241;0,41901048490378379;;;;;;;0,94016256022167444;5,48183989135544e-01;;;;;;;1,07458805633226473;4,76772966911782e-01
4;1;;;;;;;;;-2,6695279515255046;0,53671982722236544;;;;;;;-1,9449467533290949;0,6337129569021234;;;;;;;-1,92753586266139e+00;0,6508888707051065;;;;;;;-1,92782676041669987;0,6976541746524546;;;;;;;-1,8240080591185488;0,8746989814865914;;;;;;;-1,62470349553304e+00;0,9264399548572507;;;;;;;-0,67210096887022552;1,2340736392986515;;;;;;;-0,78491428306416688;1,14674214429213950;;;;;;;-0,53169678561556033;1,29967547205727e+00;;;;;;;-0,66246257855692259;1,18698011112312e+00
4;1;;;;;;;;;-0,4338520284426721;0,58755368013378162;;;;;;;-0,0217475464842553;1,3711595648213828;;;;;;;2,95137759674101e-03;1,2992967092078318;;;;;;;-0,04436644346054816;1,3973291490083004;;;;;;;-0,1721868192963374;1,3783947960825293;;;;;;;-1,78146923285792e-01;1,2701812554789049;;;;;;;-0,73795149310853791;0,5500168247793363;;;;;;;-0,80616690786305401;0,62182506149610495;;;;;;;-0,46742289349801303;8,15051793496334e-01;;;;;;;-0,47616852660296566;9,31954596546432e-01
4;1;;;;;;;;;-0,0208217560912130;0,81220345321099052;;;;;;;0,6926725913143555;0,9251420415636495;;;;;;;5,60653104473669e-01;1,1886823669969075;;;;;;;0,57092794734143848;1,1683439934130164;;;;;;;0,5647579446110702;1,2818364944973140;;;;;;;7,33803642071160e-01;0,9433605871738756;;;;;;;0,40276283424093906;0,9228969001621300;;;;;;;0,43068687471263067;0,92400156029890601;;;;;;;-0,00787618384540984;8,55279334859072e-01;;;;;;;-0,13487064416837005;8,31739872243460e-01
4;3;;;;;;;;;1,4105081558335462;0,06661523815263194;;;;;;;1,3072374252030350;0,1269243338930630;;;;;;;1,03654035807174e+00;0,2773977721747511;;;;;;;1,48827042347639038;0,0147239828935575;;;;;;;1,1488014203892045;0,2230506974390878;;;;;;;4,66186635156830e-01;0,6167898226215008;;;;;;;-0,06057886932491316;0,9778510024600783;;;;;;;0,16134142968271548;0,85236758359019549;;;;;;;0,16623538973729055;9,50578181223515e-01;;;;;;;0,32058268935191669;8,76044310417856e-01
4;2;;;;;;;;;0,7541355237916620;0,44693057376180240;;;;;;;0,4353908099346804;0,6755917276577746;;;;;;;2,08175480072526e-01;0,8145217596714486;;;;;;;0,37722017125418428;0,7124425208902697;;;;;;;0,8557526749665501;0,3741128218052370;;;;;;;8,28860403541516e-01;0,4084725705446522;;;;;;;0,92823923616481818;0,3475690174107335;;;;;;;0,24914328455598300;0,78644320257396449;;;;;;;0,66806441477422451;5,71780716822570e-01;;;;;;;0,85589706740653737;4,52491250414803e-01
4;1;;;;;;;;;-0,3472978033897319;0,58747766931115186;;;;;;;-0,1233459783733279;1,5393411499402827;;;;;;;-1,75598411368701e+00;5,4167360297580753;;;;;;;-0,47555400004478926;2,4442793110992249;;;;;;;-0,1593294638194765;1,5976654372882200;;;;;;;-4,68603272183381e-01;2,2481559931193407;;;;;;;0,02145117785170739;0,8366267834865139;;;;;;;0,01982236423369597;0,86606458307877865;;;;;;;-0,04187921248267848;1,12132126549908e+00;;;;;;;0,06234466655391972;9,37378445156007e-01
4;5;;;;;;;;;0,4131053571222328;1,25882378313239651;;;;;;;0,2979813005711186;1,0038775972147400;;;;;;;-4,51445965060439e-02;1,2016478864632119;;;;;;;0,23542181268323489;1,0365003674327968;;;;;;;0,2197228880211034;1,0553570800593768;;;;;;;-3,12656863192263e-02;1,1369942137953606;;;;;;;0,34041484866702598;0,8032737654602806;;;;;;;0,32802295059752162;0,80676162979740862;;;;;;;0,19400239709471631;8,98482662401286e-01;;;;;;;0,25129740067922945;8,60287311532373e-01
4;4;;;;;;;;;-0,1222613423038086;0,81332290300532184;;;;;;;-0,1828591934973209;1,1259559988919012;;;;;;;-1,99798954095627e-01;1,1304866736926409;;;;;;;-0,35155209814698885;1,2144766983185200;;;;;;;-0,0945255645498184;1,0546012633121067;;;;;;;1,63118735268441e-01;1,0674854634402160;;;;;;;-0,17636961503442952;1,0543706662763577;;;;;;;-0,18998731713428915;1,05511041881871637;;;;;;;0,28294762040151894;9,61128244314796e-01;;;;;;;0,39357422474523429;9,28078434140947e-01
4;5;;;;;;;;;0,5648137854428961;0,88476201637931795;;;;;;;-2,1716941741300988;1,5302123982382614;;;;;;;-2,02232556385156e+00;1,4862927193106685;;;;;;;-2,18658863461337027;1,5363058626453570;;;;;;;-3,0206494458039468;1,8977168587579067;;;;;;;-2,10183989281585e+00;1,5896236825964907;;;;;;;0,12885111692144011;1,0243484178773941;;;;;;;0,17242554464227636;1,02525916064569733;;;;;;;-0,21856086664140731;9,58811506493892e-01;;;;;;;-0,16411956541658104;9,17065335805842e-01
4;2;;;;;;;;;0,4540069187055772;0,75092873349540545;;;;;;;-0,1499711333953714;0,9709779058732344;;;;;;;-2,08086167922292e-01;1,0233295994522242;;;;;;;-0,16595200577832256;0,9819070879736410;;;;;;;-0,1036623330389254;0,9920506542044832;;;;;;;-8,79576466843204e-02;1,0162978269914287;;;;;;;0,20729773337520890;0,8908304128853968;;;;;;;0,19118150315444105;0,89558968094306279;;;;;;;0,36106175761431686;7,50431589471960e-01;;;;;;;0,05286248317090230;9,14773263006350e-01
4;4;;;;;;;;;0,2046473881505693;0,75701210209154912;;;;;;;-0,1513555743681819;0,9383811203239480;;;;;;;2,31559942580579e-01;0,7019610131551318;;;;;;;-0,34943821576364509;1,0338300221942784;;;;;;;-0,6032680560490405;1,2114588289257351;;;;;;;-4,73304372865350e-01;1,0507250505804522;;;;;;;0,78264619384887624;0,4778006414878293;;;;;;;0,77641891587129197;0,48203552228917906;;;;;;;0,39233573613400807;6,88623431655220e-01;;;;;;;0,39973225202258406;7,07182203936295e-01
4;2;;;;;;;;;0,8134127467905834;0,15691087635414699;;;;;;;0,5539468927808294;0,4487112769260126;;;;;;;-5,39554529391415e-01;1,4978684275293319;;;;;;;1,02079469260152589;NA;;;;;;;-0,3389821970888340;1,2955929212053519;;;;;;;2,24454981174233e-01;0,7605163151911400;;;;;;;-0,84643825142440665;1,8420510973472990;;;;;;;0,03599479923240738;0,99829089692966344;;;;;;;0,66301592952288668;3,45759594956440e-01;;;;;;;0,82681707648762048;1,89734285712528e-01
4;3;;;;;;;;;2,1149377726407068;-0,24122791536303179;;;;;;;0,6360104148823339;0,7360016543602030;;;;;;;6,36212033326287e-01;0,7361920941277901;;;;;;;0,62105059217185821;0,7472339524196485;;;;;;;1,0109973624775879;0,4874882245555429;;;;;;;1,52574103836611e+00;0,1456333828943743;;;;;;;1,77009984699832157;-0,0175416202186137;;;;;;;1,59407335494426694;0,09579152665110124;;;;;;;1,45993083222312636;1,88353476216746e-01;;;;;;;1,80304481422116214;-3,96874646752968e-02
4;5;;;;;;;;;0,9040201708499866;0,63631959540984184;;;;;;;-0,4628754620454636;1,1371814482880220;;;;;;;-8,07541719951039e-01;1,3671870346133490;;;;;;;-0,57247280733740180;1,2026314361381907;;;;;;;-0,2628200592607358;1,1113471101819294;;;;;;;-5,39171547172952e-01;1,2543241955373456;;;;;;;-0,45522369016121267;1,2469297001773276;;;;;;;-0,46928345445075065;1,23978204528956182;;;;;;;-0,00726583870395565;8,96627452453676e-01;;;;;;;-0,28650915592359621;1,04085719948456e+00
4;5;;;;;;;;;2,1120192822459702;-0,11215669530044212;;;;;;;3,3612470267846315;-0,8210499269533144;;;;;;;1,02674034468657e+01;-4,7194093559728705;;;;;;;4,94306260967634614;-1,7197228781831995;;;;;;;2,0042442772697022;-0,0431240163781869;;;;;;;-4,01475839327827e-01;1,3011937143393626;;;;;;;-0,98088327487711147;1,4633285968427581;;;;;;;-1,74895107027281704;1,88239489077785649;;;;;;;-0,69546432320507579;1,46069338501958e+00;;;;;;;-0,12266139858729147;1,14027843052754e+00
4;1;;;;;;;;;0,5696855242953341;0,24587154038191164;;;;;;;0,6460837841403571;0,5062219751615148;;;;;;;6,41012736290790e-01;0,5156523492052558;;;;;;;0,62373916980650046;0,5594515097512144;;;;;;;0,6871726650381539;0,4678966575411562;;;;;;;5,76474309249968e-01;0,7585603522257180;;;;;;;0,58727743178547154;0,7522255815519241;;;;;;;0,59513419163190007;0,74542188398085441;;;;;;;0,33610578873182811;9,19655266930443e-01;;;;;;;0,26056212603947237;8,99429296803239e-01
4;4;;;;;;;;;1,9134539892861113;-0,14217106676516159;;;;;;;-0,5535928849664374;1,2849318529707014;;;;;;;-7,69710383422805e+00;5,2057588818472489;;;;;;;-0,78043218309601092;1,4038930495363300;;;;;;;-3,4368573890835128;2,8217559932745302;;;;;;;1,14412816437913e-01;0,8886411038838505;;;;;;;-0,35648853489657317;1,0853630140456667;;;;;;;0,07429343482365280;0,87423084554274444;;;;;;;0,16100630491720089;8,88108804478610e-01;;;;;;;0,12466151056612931;8,79324184244225e-01
4;5;;;;;;;;;1,0402362664951623;0,21223199563875683;;;;;;;0,9407540023193058;0,2043980513179979;;;;;;;7,61545778257545e-01;0,3369843096308358;;;;;;;0,75539767625137633;0,3330458565020245;;;;;;;0,5916374798026978;0,4704718354619747;;;;;;;2,16104396250050e-01;0,7279376470276564;;;;;;;0,43307429124313096;0,7520295380117076;;;;;;;0,31160767268992401;0,79863246471795968;;;;;;;0,43029544876167680;6,98273526294256e-01;;;;;;;0,52586680505951666;6,34943939203581e-01
4;4;;;;;;;;;1,6609204212217632;0,22082623093825701;;;;;;;1,2515353145740102;0,4392415341156093;;;;;;;1,21829291152721e+00;0,4563916588706585;;;;;;;1,22047946217361392;0,4555760668967494;;;;;;;1,1617043425826383;0,4785234195002514;;;;;;;8,05205012731500e-01;0,6779938611091340;;;;;;;0,78891750208835010;0,6282015409091525;;;;;;;0,80853454496191490;0,61157961437681008;;;;;;;0,74268022183691185;6,94364644566152e-01;;;;;;;0,58567778330149756;7,38842083255025e-01
4;2;;;;;;;;;-0,4612097427966008;0,64386695325445686;;;;;;;-0,5507317216422922;0,9204989139776282;;;;;;;-1,40746073411793e+00;1,3940864203217433;;;;;;;-0,55814829914081487;0,9243952974812724;;;;;;;-0,6191029075405133;0,9379441988228725;;;;;;;-3,62243734676789e-01;0,7355780449558116;;;;;;;-1,27150226083012896;1,1931045599521335;;;;;;;-1,02890820839898023;1,14486653275446382;;;;;;;-0,13321891317078696;6,34741827341262e-01;;;;;;;0,01169005059308617;5,10992960866453e-01
4;3;;;;;;;;;0,3393420254651767;0,73185792573871178;;;;;;;-0,1126853676436451;0,9743237392440194;;;;;;;-1,29582698918434e-01;0,9831839872176528;;;;;;;-0,25689110601973020;1,0645321127621239;;;;;;;-0,4108826952264640;1,1515619590206163;;;;;;;-1,52547454399268e-01;1,0463962628596206;;;;;;;0,11563427078444231;0,8500561691093763;;;;;;;0,20681897301156557;0,79310066201256946;;;;;;;-0,43563569470684227;1,16633675547441e+00;;;;;;;-0,21387795108114602;1,02755148824353e+00
4;5;;;;;;;;;1,6951521115464936;0,05571362430382370;;;;;;;-1,5473026660310787;1,7032197925959272;;;;;;;-1,66188651472302e+00;1,7677086579706058;;;;;;;-3,12581280576245168;2,5513055553661146;;;;;;;-2,1764747546487810;2,0820210442304008;;;;;;;-3,53786904246892e+00;2,7396973464299870;;;;;;;-1,12235165848428209;1,8198542079858309;;;;;;;-1,22896509261181408;1,87246230479695774;;;;;;;-2,51749264583867838;2,18486269827210e+00;;;;;;;-1,82467371753135388;1,76973699473255e+00
4;1;;;;;;;;;-1,4873575929283760;-0,58945332258179628;;;;;;;-1,3058712081031560;0,6984498399259643;;;;;;;-1,90359035496267e-01;1,8232308352909279;;;;;;;-1,24182788865522697;0,7560481770412860;;;;;;;-1,2530478827495248;0,7069146092868567;;;;;;;-7,50736060774513e-01;1,1794547653244711;;;;;;;-0,65509180066810713;0,7799397851987492;;;;;;;-0,88709288920344875;0,85660555099794389;;;;;;;-1,01150276313196463;8,02545007230392e-01;;;;;;;-1,08459934349515974;7,91081715647363e-01
4;2;;;;;;;;;0,7222690365370038;-0,14693407144175682;;;;;;;0,4245316620219295;0,4048099042787306;;;;;;;4,32285407429810e-01;0,3969176717228532;;;;;;;0,42555860381784727;0,4056011277012695;;;;;;;0,7885022442734024;-0,4771923875176359;;;;;;;3,73042483815034e-01;0,5297035974905533;;;;;;;0,05353127367208339;0,9917361587907979;;;;;;;0,11011368242172943;0,86608239835510736;;;;;;;0,10761869508842486;9,63022485818872e-01;;;;;;;0,15436219153845449;8,63719983304451e-01
4;3;;;;;;;;;1,3293552319729049;0,24177213468027856;;;;;;;0,6073733405316112;0,5535990216842780;;;;;;;6,85935967756281e-01;0,5278769757257500;;;;;;;0,55347506426728021;0,5810739896212985;;;;;;;0,8057622813096394;0,4742399730797459;;;;;;;3,38711771920170e-01;0,7083194553716126;;;;;;;0,99838976382695377;0,4146062523562310;;;;;;;1,22118947105047559;0,31315995922009832;;;;;;;0,76336802383602009;5,36845319054893e-01;;;;;;;0,99225986151422263;4,13369619697383e-01
4;2;;;;;;;;;1,1451270251542851;0,03523121682577175;;;;;;;0,9156068379789296;0,2176172889354021;;;;;;;9,31008851455937e-01;0,2063299308650630;;;;;;;0,80850015465845781;0,3020978982735890;;;;;;;1,0109568485379068;0,1485504982231401;;;;;;;1,05902132323855e+00;0,1124843452033708;;;;;;;0,97856665340913285;0,1806197687525938;;;;;;;1,12469890920130378;0,06867147142043789;;;;;;;1,13248574657430034;5,43742293237743e-02;;;;;;;1,14814023860237668;4,28718754995052e-02
4;5;;;;;;;;;2,9158880573078321;0,66272409969768875;;;;;;;0,9639131858999669;0,7732372511825822;;;;;;;4,12986517818112e-01;0,9009835685124931;;;;;;;0,79570852871384246;0,8120196775426745;;;;;;;0,9580687620299031;0,7756621213374878;;;;;;;2,66277916125330e-01;0,9253792847440343;;;;;;;0,19447149403468081;0,9625480763676288;;;;;;;0,56614250609933736;0,90861195209162193;;;;;;;0,22760930407545013;9,33718251444782e-01;;;;;;;0,48643928796605890;8,70370993903991e-01
4;3;;;;;;;;;1,0251262975895479;0,18469943875285474;;;;;;;0,4596886267930101;0,6954175211905053;;;;;;;4,54993071615978e-01;0,6982747098225142;;;;;;;0,28297384373580886;0,8142172442074926;;;;;;;0,4205745275184544;0,7339429476395005;;;;;;;3,89124853970754e-01;0,7532128805826257;;;;;;;0,82673594494978719;0,6536138364081127;;;;;;;0,82639497520616922;0,65529281639632675;;;;;;;0,68748157531053145;6,88488130918718e-01;;;;;;;0,70334953780860920;6,73525131914009e-01
4;5;;;;;;;;;3,0055741905831419;0,30716199282053208;;;;;;;1,3305353965030320;0,6299352603660854;;;;;;;1,43922229241430e+00;0,5993632400157172;;;;;;;0,94713561574499305;0,7422947914263176;;;;;;;1,6528288617588303;0,5336194609310647;;;;;;;-2,46023862878405e-01;1,1281368183660954;;;;;;;-0,08879859040694636;1,1570815843286726;;;;;;;-0,01792103108749054;1,13403385417505320;;;;;;;-0,24173241395341488;1,08449566994270e+00;;;;;;;-0,37409808104041181;1,10388694166999e+00
6;3;;;;;;;;;-0,3335765251589226;1,16089914147699580;;;;;;;-0,1701699196166692;1,0417854442681713;;;;;;;-2,24080029632538e-01;1,0807980317083066;;;;;;;-0,20616668342022068;1,0683653448413877;;;;;;;-0,0429094933555996;1,0589111234918573;;;;;;;-4,21296336412728e-02;1,0392879415956104;;;;;;;0,25752517607816000;1,0861954173136297;;;;;;;0,31279413352700747;1,07553066107258677;;;;;;;0,23465285812520345;1,22130904704967e+00;;;;;;;1,61801317105722609;4,88650452151306e-01
6;5;;;;;;;;;0,2572842776532016;1,32994482062058905;;;;;;;0,0513909801118977;1,1645433626722055;;;;;;;-1,89571711639332e-02;1,2113399107082830;;;;;;;-0,15917345998353377;1,2855220188369090;;;;;;;0,0880182015273150;1,2786707498294940;;;;;;;-9,85715221176415e-02;1,2710773495476646;;;;;;;-0,07029253436354066;1,0759924546795387;;;;;;;0,54786839543919774;0,90156180911611439;;;;;;;0,51356567080186977;9,83206793277933e-01;;;;;;;0,53102941089118560;9,85654341596205e-01
6;5;;;;;;;;;0,4492410413648158;0,79052597451943130;;;;;;;-0,3801487305028332;1,2518618917156166;;;;;;;2,59227949618749e-01;0,8063261899304504;;;;;;;-0,63984733266295235;1,3957809861027857;;;;;;;0,3563037679410254;0,7575967872582742;;;;;;;-5,04747267504175e-01;1,3306049823660011;;;;;;;-0,42082677557117382;1,4349821469973858;;;;;;;-0,33457708985367207;1,38541305863950370;;;;;;;-0,40453547662415296;1,33146197695455e+00;;;;;;;-0,26778777740063170;1,24561456727229e+00
6;5;;;;;;;;;-0,2977421375710891;0,56174202895947623;;;;;;;-0,3379357667301022;0,5686511304894026;;;;;;;-1,29743634421970e+00;0,8461734692489178;;;;;;;-0,87850058236229045;0,7443644209553436;;;;;;;-0,2335633104289088;0,4566813240283815;;;;;;;-1,12803871971925e+00;0,8432882172119609;;;;;;;-0,01546045198178548;0,8127309043712687;;;;;;;-0,15700455433804231;0,82523554026856916;;;;;;;-0,98446634088210860;1,29257553277277e+00;;;;;;;-0,51562612705054889;1,25268736129081e+00
6;4;;;;;;;;;0,5544328178738303;0,92558235488255436;;;;;;;0,6113772642607154;0,8405514353889604;;;;;;;6,14126302379125e-01;0,8369708772307616;;;;;;;0,56608104746324184;0,8730969040997359;;;;;;;0,4358165112863267;0,8966683818174483;;;;;;;3,72612572669473e-01;0,9428011458114265;;;;;;;0,42726234878850483;0,8564575464110840;;;;;;;0,47253303588092677;0,84302416738391506;;;;;;;0,40431962200356447;8,35564392954960e-01;;;;;;;0,48826864611424659;8,10229215614621e-01
6;1;;;;;;;;;0,4090758924944080;0,57602916966813644;;;;;;;0,6811685693870465;0,6237999868327079;;;;;;;5,52111422668725e-01;0,7708613753781123;;;;;;;0,67833146188958149;0,6270631350565630;;;;;;;0,7834669572359588;0,5112053357502560;;;;;;;2,30541920395756e-01;0,9771976230291224;;;;;;;-1,15183895228996591;0,7574452997607724;;;;;;;-1,38582725063842327;0,59758919499952701;;;;;;;-0,46126463202896462;8,60078451899192e-01;;;;;;;-0,56620481423457969;8,40056313870682e-01
6;7;;;;;;;;;1,0405331717066215;1,30288210773395563;;;;;;;1,0929318179730063;1,0693865929629043;;;;;;;4,62318579243153e-01;1,4657558034478906;;;;;;;0,65829698867838971;1,2904803977019179;;;;;;;0,9924520072177658;1,2719450377582993;;;;;;;5,04471239194242e-01;1,4473089579689107;;;;;;;0,40480020268724121;1,0634103788088207;;;;;;;0,44339518259920863;1,09312156549490513;;;;;;;0,83488615112320985;9,09266337428579e-01;;;;;;;0,93205490464256691;9,69059928502296e-01
6;3;;;;;;;;;-0,1175789143798915;1,07756748483117071;;;;;;;0,3413541821280660;0,9982929679180789;;;;;;;1,61240324791412e-01;1,0943478596801519;;;;;;;0,26396590276847198;1,0474694923586856;;;;;;;-0,1776214265550158;1,1376482078585639;;;;;;;-1,01835307049211e-01;1,2354880353770468;;;;;;;-0,35272977569618391;1,0262993074860816;;;;;;;-0,35854601571333911;1,03266505116391571;;;;;;;-0,19761292937773428;1,07605703686255e+00;;;;;;;-0,15146501167482729;1,04514400037326e+00
6;3;;;;;;;;;0,6722681167305080;0,64424213027750687;;;;;;;0,8094977441400463;0,6365467050726993;;;;;;;7,96691115026723e-01;0,6458174535962581;;;;;;;0,72489348713152091;0,6826051540242590;;;;;;;0,7343959424246067;0,6890911931341325;;;;;;;5,13761474743885e-01;0,7964232269661715;;;;;;;0,65332245381154974;0,8105377710410150;;;;;;;0,75727313471299995;0,72937059760633183;;;;;;;0,47996061488748154;7,92919904496661e-01;;;;;;;0,40510360190008460;8,12416212962793e-01
6;7;;;;;;;;;2,4508928452703707;1,23106915493362234;;;;;;;-0,1381403045848326;1,1112508636837484;;;;;;;-2,01152807301702e-01;1,1406384957039466;;;;;;;-0,34531492352357973;1,1800978894332581;;;;;;;-0,5000410140760898;1,3998958759587219;;;;;;;-5,87030653341004e-01;1,1377618514147323;;;;;;;0,13888603616921485;0,9869764769414701;;;;;;;0,10446422131503341;0,99262249300868899;;;;;;;0,21490600871657808;9,84766882950545e-01;;;;;;;0,43517671519477175;9,33437586898504e-01
6;4;;;;;;;;;0,3661987298812470;0,80034380968024110;;;;;;;-0,1715084683549928;1,0024245863124197;;;;;;;-1,55733902271395e+00;1,7062071434691342;;;;;;;-0,70500731286880525;1,2954619534081806;;;;;;;-0,5509713755081652;1,2113823901402416;;;;;;;-2,87090335577069e-01;1,1392120797992060;;;;;;;-0,44494977954656051;1,2574567098936693;;;;;;;-0,74266817485397607;1,40506770590659436;;;;;;;0,86773816418265437;5,28626988646795e-01;;;;;;;0,58823895966100415;6,71158106944430e-01
6;5;;;;;;;;;0,2418882418294207;0,80279297912825565;;;;;;;0,0856897480433768;0,8595961013448419;;;;;;;4,24675653378829e-02;0,8989286443840583;;;;;;;0,00694563811135935;0,9140526190495449;;;;;;;-0,2539769588876081;0,9299028525261259;;;;;;;-3,80398837454878e-01;1,0427123473139055;;;;;;;-0,40357221632626000;0,9207156548241211;;;;;;;-0,49404806240019861;0,93619877824826692;;;;;;;-0,10953494537195896;7,90402955164389e-01;;;;;;;0,18268895294708884;6,88243290215571e-01
6;6;;;;;;;;;1,2260730587644784;0,31944058042355616;;;;;;;0,9652830695933280;0,4731966387886219;;;;;;;6,92184203383035e-03;1,0761982761662234;;;;;;;0,95747575493174630;0,4780964391289760;;;;;;;0,6368987350580887;0,6909900895340938;;;;;;;1,49083674409379e-01;0,9730873549370458;;;;;;;0,75411664358804109;0,5741478096755797;;;;;;;0,92646099043171848;0,48737063690809668;;;;;;;1,29012137867792864;2,77744434859066e-01;;;;;;;1,78295363763219372;-1,92895124000325e-02
6;5;;;;;;;;;0,3823766418552125;0,85819680862201519;;;;;;;0,4892971751877410;0,8797551753299349;;;;;;;4,95063952944686e-01;0,8759133130733049;;;;;;;0,44702837360810660;0,9078365180068646;;;;;;;0,6089066656163377;0,8478326172206826;;;;;;;6,96199306728944e-01;0,8499285815110268;;;;;;;0,49565116115778463;0,8996503241506786;;;;;;;0,71770504243586442;0,79201349940374266;;;;;;;0,58507555497542785;8,78969907417140e-01;;;;;;;0,51625844648905883;8,83259275174408e-01
6;1;;;;;;;;;-0,3887572781978275;0,84596251457934801;;;;;;;-0,3138990092117221;1,2512699416845265;;;;;;;-5,72173975403540e-01;1,5125708102674120;;;;;;;-0,58288812115020205;1,4616501162562758;;;;;;;-0,2901973038956981;1,3099284661706139;;;;;;;-9,06535718475693e-01;1,4050542513204294;;;;;;;-0,88334869403666438;1,5386153594349079;;;;;;;-0,80822859649285839;1,49207599459342344;;;;;;;-1,04565762203758994;1,38824561955752e+00;;;;;;;-1,36443356455221054;1,24985459476622e+00
6;4;;;;;;;;;-0,2530128686714564;1,05571203917262868;;;;;;;-0,0635789333093874;0,8458676405930725;;;;;;;-6,70070511310449e-02;0,8486056756555701;;;;;;;-0,10473860014403703;0,8664056425858427;;;;;;;-0,5120588841297998;1,1919215453122758;;;;;;;-5,08414907523469e-01;1,1079589803477166;;;;;;;-0,15896272452141139;0,9310964324519682;;;;;;;-0,16983461654628121;0,92515802945297032;;;;;;;-0,26014460960161390;8,71027651019711e-01;;;;;;;-0,05191220648445277;8,08210956713802e-01
6;7;;;;;;;;;2,6382171521246591;0,97767043018482047;;;;;;;0,5443659305520882;0,9282541002190159;;;;;;;1,95133422404849e-01;1,0196513801258429;;;;;;;0,31330799230149714;0,9940791826572083;;;;;;;1,6141043157953985;0,7354930074382929;;;;;;;8,77141297123683e-01;0,8978678560006611;;;;;;;-0,05882396514044196;1,0286735980097206;;;;;;;-0,07967778919034858;1,03183800627275701;;;;;;;0,80818208863071717;9,25714639037436e-01;;;;;;;0,72284380758233235;9,53117717247709e-01
6;6;;;;;;;;;2,7661589060817984;0,45380599581296105;;;;;;;-0,0519489363722408;1,2014217451723623;;;;;;;-1,06651166040017e+01;4,4142185760734369;;;;;;;-2,72432379883525266;2,0190523811061798;;;;;;;1,1239317886488918;0,7984949522656292;;;;;;;3,01402883252735e-01;0,9833104070240769;;;;;;;0,53844365966559427;0,9299582806422041;;;;;;;0,54032705129429892;0,92380227664335135;;;;;;;0,85634647994219848;7,85977428886418e-01;;;;;;;0,67376436997937339;8,25560837519799e-01
6;6;;;;;;;;;0,3469731830203840;0,66349130880376017;;;;;;;0,0106632179809088;0,9938030097613079;;;;;;;-6,27781256922087e-02;1,0272563975756552;;;;;;;-0,03621341088835405;1,0185998551775790;;;;;;;-0,0200934234767741;0,9401566521103952;;;;;;;-4,23914998770624e-01;1,0958671535732707;;;;;;;-0,26540024981463456;0,7194887510922947;;;;;;;-0,20499458653761807;0,58327525167446914;;;;;;;-0,02030272748443706;8,45936006210625e-01;;;;;;;0,11255568255769562;7,67491303633201e-01
6;1;;;;;;;;;-1,8602196833872480;1,31411098784812808;;;;;;;-1,6677235160008343;1,1844242884640519;;;;;;;-2,09150946151193e+00;1,5059562814498151;;;;;;;-1,84260279219554124;1,3267022173198553;;;;;;;-1,7315440208635466;1,2004199079042308;;;;;;;-1,44139624514983e+00;1,2402265074122669;;;;;;;-0,30517163759800453;0,9082861781007644;;;;;;;-0,24017094713077061;0,88312531402572259;;;;;;;-0,80198222736626235;1,01138946804356e+00;;;;;;;-0,61851349832786462;9,93085426937772e-01
6;3;;;;;;;;;-0,2424912385153145;1,06546753435928365;;;;;;;-0,2778843908465232;1,0959270143036040;;;;;;;-2,81214163009744e-01;1,0871937997784797;;;;;;;-0,33436818710726590;1,1278709619147467;;;;;;;-0,0828781245267678;1,0054589533308587;;;;;;;-1,04630563055797e-01;1,1038867395620242;;;;;;;-0,33200244655021333;1,0857820200257742;;;;;;;-0,28012202112362744;1,06870011994639946;;;;;;;-0,10964599485340082;1,05070408937967e+00;;;;;;;-0,05978926083012524;1,01538690001171e+00
6;5;;;;;;;;;-0,2162319964576052;1,28842716600023244;;;;;;;-0,3375942505758346;1,2787870857294656;;;;;;;-3,03230815983398e-01;1,2651488055711075;;;;;;;-0,47231400498625237;1,3561007909789726;;;;;;;-0,3151251544015364;1,2374045000460898;;;;;;;-3,60447956647574e-01;1,3854046016877803;;;;;;;-0,03268971179903592;1,1725442305280966;;;;;;;-0,02166142115922740;1,16916897265332409;;;;;;;-0,15221033810399559;1,21494575677638e+00;;;;;;;0,07435696745847238;1,11089408227577e+00
6;4;;;;;;;;;-0,4451925543942808;1,28230726620196922;;;;;;;-0,1478638230258975;1,0966904753795654;;;;;;;-2,20878555700106e-01;1,1419070744497117;;;;;;;-0,28316250075970995;1,1826168083009390;;;;;;;-0,1308806343719151;1,0948228787640040;;;;;;;-5,38191453646756e-01;1,3064360451152195;;;;;;;0,41577431242252122;0,8601095588321295;;;;;;;0,40769919933046905;0,86698418994643733;;;;;;;0,19794963838463195;9,71290009990140e-01;;;;;;;0,29499490290496394;8,55110075086282e-01
6;3;;;;;;;;;0,8305927395288133;0,90692549082287699;;;;;;;0,0304788136508778;1,0410245481608278;;;;;;;4,62920003003997e-03;1,0787070353618080;;;;;;;0,00734795130748260;1,0631237462288290;;;;;;;0,2199592579647424;0,9754629130789926;;;;;;;6,08539451323515e-02;1,1228287544969722;;;;;;;0,03072176534927571;1,0212375585733238;;;;;;;0,04476337104533195;1,02076986356898614;;;;;;;-0,23200068764958445;1,11796881970162e+00;;;;;;;0,16045334046140733;9,70617475437774e-01
6;1;;;;;;;;;-0,0015390672809914;0,77976494091103599;;;;;;;-0,0931609535163435;1,0787532707298890;;;;;;;-2,59752385716276e-01;1,2209585441953452;;;;;;;-0,23786691003904645;1,2097395610685140;;;;;;;-0,1508551887140281;1,1781122943790661;;;;;;;3,61821765765742e-02;1,1419889661389115;;;;;;;0,00527386367006180;1,0231941903128283;;;;;;;0,01304339632616548;1,02815266357914981;;;;;;;-0,29195711804769708;1,23739440334689e+00;;;;;;;0,01967946919997924;1,05955858106724e+00
6;6;;;;;;;;;-0,1932661899624246;1,10109429398392455;;;;;;;-0,2124700167489459;1,0454645239904476;;;;;;;-2,74905308766988e-01;1,0731180521865471;;;;;;;-0,22606161279918455;1,0509665844079426;;;;;;;-0,3172004355990699;1,0927609521258232;;;;;;;-9,58348194376474e-01;1,0748163644501039;;;;;;;0,04103110540900880;1,0161141115040855;;;;;;;0,02850468311596317;1,03123336219669648;;;;;;;-0,15336268879408918;1,01210562128355e+00;;;;;;;-0,08357193960618245;9,68923388727804e-01
6;7;;;;;;;;;0,9217379158468310;1,62073909477528111;;;;;;;-1,5614319276950510;1,3411508094109388;;;;;;;-2,45533583885365e+00;1,4957157806066310;;;;;;;-1,59404025061472310;1,3501290260189434;;;;;;;-1,4495636752117005;1,3706005509183465;;;;;;;-1,35118494837104e+00;1,3069390773775489;;;;;;;0,45548255352261685;1,0173603171505801;;;;;;;0,39783795167433306;1,01806617521295939;;;;;;;-0,27013334158375268;1,02458813703959e+00;;;;;;;-0,08943138948524634;9,99610665521954e-01
6;4;;;;;;;;;0,5444761602793718;0,90001481407148642;;;;;;;-0,9295321542629273;2,3125741546725180;;;;;;;-8,53496431328035e-01;2,3404270210506595;;;;;;;-1,01757850271068229;2,6111512499071030;;;;;;;-0,1727174563624545;1,9347974604217939;;;;;;;9,62046352797460e-02;1,2952267691693280;;;;;;;-0,75114130341535368;1,3787879153122242;;;;;;;-0,67162622774457181;1,31444058799931751;;;;;;;-0,77167923558895091;1,33584564831280e+00;;;;;;;-0,54485160735940330;1,20894373234801e+00
6;6;;;;;;;;;3,5583995455526476;0,05210196664161147;;;;;;;1,6455344029608918;0,6415343612233676;;;;;;;5,25887952877439e-01;0,9825582110703056;;;;;;;1,59885231727119126;0,6447553368255788;;;;;;;2,3389226847618017;0,3998001196054615;;;;;;;-8,69939709984740e-01;1,3758075565492496;;;;;;;-0,56632827233415883;1,1910036259123837;;;;;;;-0,38558963675751501;1,16102479232524902;;;;;;;-1,09144966195716697;1,34874275246123e+00;;;;;;;-0,46744864020689492;1,18214633670949e+00
6;2;;;;;;;;;-0,0466141510862754;0,75736691847301374;;;;;;;-0,4651225192469627;1,0120899550174483;;;;;;;-5,97713515330839e-01;1,1540802206675635;;;;;;;-0,47553186042904716;1,0236765262677012;;;;;;;-0,3546705831384428;1,0003651052343929;;;;;;;-7,11168436516807e-01;1,1228913953446935;;;;;;;-0,49325010451067153;1,0419385881116456;;;;;;;-0,51755081854971585;1,05025141508764785;;;;;;;-0,53515833547363933;8,98460581918441e-01;;;;;;;-0,33912809945233247;9,53232516897712e-01
6;3;;;;;;;;;-0,8274814408651150;1,43943913696436510;;;;;;;0,3666364280295147;1,0270997633885679;;;;;;;2,07212556858110e-01;1,1682050151684780;;;;;;;0,23918830621190937;1,1239832224356159;;;;;;;0,0295036766816453;1,1713854803410793;;;;;;;-1,02306829239406e-02;1,3130794860589012;;;;;;;0,11993918645720669;1,0969115704875891;;;;;;;-0,05682603530997347;1,18946174343614608;;;;;;;-0,01871542692716128;1,18705997905998e+00;;;;;;;-0,07773508133051243;1,15187231518472e+00
6;7;;;;;;;;;1,3532220683064919;1,24776533729577377;;;;;;;-0,1647842914032188;1,0304748945478075;;;;;;;-2,76423361615185e-01;1,0579990847489356;;;;;;;-0,17804846317485160;1,0341790401108781;;;;;;;-0,3032274456540457;1,0381682077545247;;;;;;;-2,11059570427390e-01;0,9799482307378933;;;;;;;-0,27621062087189574;1,0368945592457366;;;;;;;-0,28337957870722685;1,04216778780010499;;;;;;;0,01180953435823148;9,89167045203746e-01;;;;;;;0,01978546255492872;1,00326743833456e+00
6;3;;;;;;;;;0,6036408329011559;0,53243945331206155;;;;;;;-0,1348603427719142;1,0083038786430232;;;;;;;-3,26413031279856e-01;1,1491179338021793;;;;;;;-0,35283076089622833;1,1614090741083687;;;;;;;-0,1327813825367823;1,0301389100852478;;;;;;;-1,50474267445908e-01;0,9887658629743047;;;;;;;0,05779113457836650;0,8383134925249615;;;;;;;0,06886578494428121;0,83134594553819641;;;;;;;-0,20024129723441919;1,05302675101321e+00;;;;;;;-0,10766244868478467;1,00087053396027e+00
6;1;;;;;;;;;-0,4732890447641654;0,16295973280768350;;;;;;;1,2316290055799486;0,9615086806829356;;;;;;;1,43464732291997e+00;1,0689591091579886;;;;;;;1,82994920751018397;1,2429751821583981;;;;;;;1,2458033374995705;0,9872598589104855;;;;;;;7,99003916937831e-01;0,7824506973678731;;;;;;;0,38717048407645827;1,0121358703852421;;;;;;;0,42207013931117249;1,02241846251857416;;;;;;;0,31770550079951865;9,35608181389116e-01;;;;;;;0,27150733557096574;9,37572890239686e-01
6;7;;;;;;;;;1,8085845830646579;1,06163346032231942;;;;;;;-0,1925383188914494;1,0274070655426106;;;;;;;-2,03849983410540e-01;1,0313828554564253;;;;;;;-0,26132894785675870;1,0515964350918616;;;;;;;0,0150850462575736;1,0101309287084730;;;;;;;2,75930573433723e-01;0,9685774597781904;;;;;;;0,22840464342333805;0,9436452807792584;;;;;;;0,36765786242688364;0,90655351609219437;;;;;;;0,18445072339938925;9,52336393127105e-01;;;;;;;0,14244917274298038;9,55916060892256e-01
6;7;;;;;;;;;1,2096904332370602;1,40912479704207927;;;;;;;0,0079617034804333;0,9428784235049503;;;;;;;-1,73897778227891e-01;0,9980906611342394;;;;;;;-0,02101509600655443;0,9582159631844606;;;;;;;-0,4224502439517993;1,1325345730747904;;;;;;;2,55514371009292e-02;1,0164123798890146;;;;;;;-0,06795776072444301;1,0231535651267596;;;;;;;-0,09919026177621937;1,04667459246578010;;;;;;;0,08907469207138198;9,87538912334454e-01;;;;;;;0,13196936889738653;9,86037493929279e-01
6;7;;;;;;;;;1,4410995297900653;1,84703800076391755;;;;;;;0,2327792847132380;1,2421681233788922;;;;;;;-2,68266508459264e-01;1,3783956734720009;;;;;;;-0,07000362670467673;1,3673356871463649;;;;;;;0,4125572522266613;1,1888223590291294;;;;;;;-2,04830729437570e-01;1,4086675982418484;;;;;;;-0,08415507816324540;1,0502664863536997;;;;;;;-0,16044739270496172;1,03823656144934717;;;;;;;-0,52023407239472164;1,04138201526791e+00;;;;;;;-0,40898775273675986;1,04865874185399e+00
6;1;;;;;;;;;0,3889093447122901;0,28549713595800813;;;;;;;0,1696303640719290;0,8487375842790945;;;;;;;7,13427192663284e-02;0,9632867702780374;;;;;;;0,13695560683483363;0,8899729381865638;;;;;;;-0,1328246823349108;1,2375728049792658;;;;;;;1,30147092916468e-01;0,9831519247078151;;;;;;;-0,13097919063976976;0,8309476770816647;;;;;;;0,14576321846887338;0,75302415480450480;;;;;;;0,09586151222861428;8,75526332398992e-01;;;;;;;0,33468069439638465;9,05720253198326e-01
6;5;;;;;;;;;0,6722424986635069;0,79285615204754967;;;;;;;0,2443513733951707;0,8809529656820384;;;;;;;2,26597797236589e-01;0,8865312059176934;;;;;;;-0,03624578673063172;0,9932785868221004;;;;;;;0,4173154298264364;0,8108141276845927;;;;;;;-2,03634089803524e-02;0,9917264959482702;;;;;;;0,04350597500495344;0,8404913558426104;;;;;;;-0,01223737596737493;0,88745416646658182;;;;;;;0,11899726475627954;8,70593484587593e-01;;;;;;;0,09924699541967293;8,79217307798921e-01
6;3;;;;;;;;;0,2193137222934575;1,01356520884526913;;;;;;;0,5830925651655449;0,9293565351000822;;;;;;;4,39577732828931e-01;1,0131660660124628;;;;;;;0,40955659751380946;1,0242728807547954;;;;;;;-0,3899449027522767;1,5182841419995503;;;;;;;3,58774774696624e-01;1,0652839392010700;;;;;;;-0,27405694290236376;1,3454851555413330;;;;;;;-0,30169443743180707;1,36675032907673710;;;;;;;-0,26377201947952028;1,57919342279651e+00;;;;;;;0,19222664134114684;1,31885684935233e+00
6;5;;;;;;;;;-0,9027028714669193;1,30125550889280728;;;;;;;-0,5614546318422416;1,1128129418661989;;;;;;;-6,17016212359137e-01;1,1282595224949743;;;;;;;-0,73532425670593915;1,1647932090693098;;;;;;;-1,6903692992110249;1,1760096955914965;;;;;;;-1,07600654512123e+00;1,1527804790026763;;;;;;;-0,57552147239939178;1,0656025356295868;;;;;;;-0,48163040733529799;1,06117561715592656;;;;;;;-0,13404941420479083;9,77080265745969e-01;;;;;;;-0,04046260702579011;9,50444199477872e-01
6;6;;;;;;;;;0,2793416921710167;1,14574319632306887;;;;;;;0,5772484700737969;0,9898230424587690;;;;;;;3,11324732667961e-01;1,1700987219692274;;;;;;;0,53981811581144756;1,0107621259284636;;;;;;;0,7114124993062532;0,9693096685935352;;;;;;;7,13051104339878e-01;1,0060310282155720;;;;;;;1,06733472184203615;0,8142309780774477;;;;;;;0,95676001530050325;0,82146007665815601;;;;;;;1,41952210750334196;9,71916573739322e-01;;;;;;;2,61339454855655973;3,45573338887999e-04
6;2;;;;;;;;;-0,8934688015848338;0,87244262152181751;;;;;;;-0,4561033802019411;0,9136008613815160;;;;;;;-5,78425105419502e-01;1,1147124514839677;;;;;;;-0,51691371604129743;1,0710369145433720;;;;;;;-0,5012092072038096;0,8656806953823680;;;;;;;-5,95144754259802e-01;1,2051079217573943;;;;;;;-0,45971153473165016;0,7935821945322004;;;;;;;-0,45343634564059532;0,87412884707728544;;;;;;;-0,86660955818997609;1,06688069113522e+00;;;;;;;-1,48282090164812064;9,60045049633627e-01
6;1;;;;;;;;;-0,6020209885085520;1,07813776610707479;;;;;;;0,2811664662893761;1,2762277724164683;;;;;;;3,44318263094754e-01;1,4208646979187589;;;;;;;0,26502076271503244;1,3532985026402948;;;;;;;0,3495402880060980;1,1454201317840649;;;;;;;2,87515088145605e-01;1,5187447760829049;;;;;;;0,13084702700554943;1,0944179495235773;;;;;;;0,06401211094891014;1,12250028012958292;;;;;;;0,69442250081576773;1,22064449013679e+00;;;;;;;1,06243826433145760;1,04682246187914e+00
6;4;;;;;;;;;1,2273715318418326;0,43875828067520184;;;;;;;0,8296086720976636;0,6244670273384322;;;;;;;6,33563556950338e-01;0,7246795630914621;;;;;;;0,79235700179444657;0,6471694456968422;;;;;;;0,8009287983320841;0,5962739471516021;;;;;;;7,73066342448663e-01;0,6650785594310106;;;;;;;0,45885092829851709;0,6709287468583774;;;;;;;0,48559544113140701;0,66446380594721055;;;;;;;0,25149934575879290;8,70099973403711e-01;;;;;;;0,27570762302661056;8,61886402924325e-01
6;2;;;;;;;;;-0,9621836361244090;-0,01651743879819837;;;;;;;-1,4090761832819125;0,6413803685842067;;;;;;;-1,31739347475963e+00;0,5042156095236214;;;;;;;-0,98719037394422460;NA;;;;;;;-1,7573786403824621;1,2884527589221566;;;;;;;-1,49847276111927e+00;1,4027401222839528;;;;;;;-0,35792705681219422;1,0542463674494786;;;;;;;-0,36057445087449541;1,05274390451021138;;;;;;;-0,05397101969652732;1,14968119011301e+00;;;;;;;0,03176064324065285;1,11209785426309e+00
6;3;;;;;;;;;-1,1018208575579158;1,04219899517529879;;;;;;;-0,2486368120698365;1,0185471641345996;;;;;;;-2,70311386568299e-01;1,0380080465904280;;;;;;;-0,27335524500705516;1,0420608323892191;;;;;;;-0,3044733624572329;1,0666873138799069;;;;;;;-2,12988440409600e-01;1,0318362561662877;;;;;;;-0,14822474799151536;0,8636432953371185;;;;;;;-0,15001182050570894;0,86184589699679526;;;;;;;-0,15779260159779349;9,70579604002969e-01;;;;;;;-0,07740745551646611;8,89312941005457e-01
6;4;;;;;;;;;0,3514925433767947;1,05766713041451088;;;;;;;-0,2097864494229585;1,3766643840537289;;;;;;;1,24886031660171e-01;1,1815259955528084;;;;;;;-0,30112964279594340;1,4341832158693932;;;;;;;0,1300674480692247;1,2448716006221741;;;;;;;-6,30887178879094e-01;1,7583664345766179;;;;;;;0,25817491483455390;1,0050359914053442;;;;;;;2,23002862572693550;0,00383795905790967;;;;;;;2,15892836252663756;3,28785231395542e-06;;;;;;;2,58973511018654845;6,26569199161633e-01
6;3;;;;;;;;;0,6372847244333095;0,59633057142161283;;;;;;;-0,0906039280420486;1,0957539313367481;;;;;;;-1,09032359483943e-01;1,1134645039885138;;;;;;;-0,17178272759383217;1,1440280713710358;;;;;;;-0,1964295540786034;1,1526742269697401;;;;;;;-3,26323056083389e-01;1,2118063412134508;;;;;;;0,24196078208676683;0,9849731455391552;;;;;;;0,10142003472816656;1,08829685418460764;;;;;;;-0,09991699573181079;1,15819204706855e+00;;;;;;;0,08694823835058831;1,03324635003670e+00
6;1;;;;;;;;;-3,7035330051641586;1,63573356099124290;;;;;;;0,0755295205446719;1,0955685454895647;;;;;;;4,30799130283507e-01;1,1956932921893566;;;;;;;0,27258650948337965;1,1529931125690904;;;;;;;0,0887480277613948;1,2449672496729229;;;;;;;4,48707862405005e-01;1,1889640130342285;;;;;;;0,58904915128925350;1,0720416043791960;;;;;;;0,54493873981253460;1,06772920282706996;;;;;;;0,12863211746753961;1,03203796185243e+00;;;;;;;0,20726227190935007;1,03514207252961e+00
8;5;;;;;;;;;-0,9019820953255077;1,46193609770901323;;;;;;;-0,3846462291712420;1,2460079024555792;;;;;;;-9,36524201899524e-01;1,5673832299367265;;;;;;;-0,54612166629748016;1,3305557058427753;;;;;;;-2,4873089765317706;2,3029238575295845;;;;;;;-4,58168891013103e-01;1,2675226602014129;;;;;;;1,29073576704447857;0,7886495473814258;;;;;;;0,53664321222382405;0,76201835943899376;;;;;;;1,38970335482470198;1,04842316035792e+00;;;;;;;0,34326759002344576;9,33032825740394e-01
8;6;;;;;;;;;-0,1321830883443940;0,98100176824373553;;;;;;;-0,0402800910385860;1,0522909661746811;;;;;;;-1,49322067535476e-01;1,1065556982786493;;;;;;;-0,28016846877546098;1,1943859038173414;;;;;;;-0,0811516687835691;1,0526345203290464;;;;;;;6,57656346894487e-03;1,0414772351733896;;;;;;;0,26853260569944165;0,9452144850543817;;;;;;;0,28584360587514945;0,91141622037728032;;;;;;;0,28895029412473516;8,93633764119950e-01;;;;;;;0,27338680658977904;8,87580408302667e-01
8;9;;;;;;;;;2,1038889421511260;0,59264954245648949;;;;;;;0,8436868642731702;0,8140948313226918;;;;;;;2,56348963889920e-02;1,0209720961936724;;;;;;;0,28304413757398161;0,9531686816356857;;;;;;;-0,1871064143755800;1,0275093806346633;;;;;;;-2,93150219140316e-01;1,0455877993590101;;;;;;;0,08122116822657151;1,0352633896185734;;;;;;;0,09856266638070121;1,03409727415389829;;;;;;;0,11355080460816869;9,92263911486985e-01;;;;;;;0,35807735417075309;9,30548221508461e-01
8;3;;;;;;;;;0,0816306166947664;0,85329268890296572;;;;;;;0,1289286320544223;0,8107022552773232;;;;;;;9,35040726104571e-02;0,8629705216821981;;;;;;;0,00822842332271436;0,9002965453708814;;;;;;;-0,0663734469518013;0,9587855678822428;;;;;;;-1,80698242539371e-01;1,2213155119624972;;;;;;;-0,17224293247712688;1,1963368017853404;;;;;;;-0,02660106544894935;1,10958275265215200;;;;;;;-0,15665448863379788;1,06379027435855e+00;;;;;;;-0,04700340666765872;9,92363784468328e-01
8;8;;;;;;;;;0,6071218895041536;1,00254042882902628;;;;;;;0,0567223218592915;1,0490166776402019;;;;;;;-2,94293562940516e-01;1,1897621220427845;;;;;;;-0,04333014950444996;1,0868382390281859;;;;;;;0,7715889523974964;0,8708773408556106;;;;;;;4,82576633025844e-01;1,0132478360166706;;;;;;;0,20546719239621200;0,9818990175376574;;;;;;;0,23213124563011492;0,97821050010965127;;;;;;;0,15940929216651714;9,81516512926990e-01;;;;;;;0,34337027072887411;9,47722690274101e-01
8;5;;;;;;;;;0,4232990742466022;0,78467141455422040;;;;;;;-0,1354930404956368;1,0637343028330444;;;;;;;-2,30484517439912e-01;1,1294507108828231;;;;;;;-0,47326768415136888;1,2425715332284062;;;;;;;-0,4243358689204841;1,2525791850114816;;;;;;;-3,61295573409954e-01;1,1774678661587807;;;;;;;-0,46223930015162168;1,2096922858267138;;;;;;;-0,39343167185972916;1,10749090842512476;;;;;;;-0,17369276915611551;1,08354409382593e+00;;;;;;;0,02013031474329317;1,00507343044254e+00
8;8;;;;;;;;;-0,6983283821847736;1,33118397592181736;;;;;;;-1,3501728485938740;1,0917974657775282;;;;;;;-2,36613013002544e+00;1,4035418632371484;;;;;;;-1,82897850985578603;1,2309718788850450;;;;;;;-2,6134080927381249;1,4626051464650962;;;;;;;-2,05798212841516e+00;1,3013649435066572;;;;;;;-0,03939823457520209;1,0418940957097864;;;;;;;-0,19551759420775441;1,06648663234200369;;;;;;;-0,28458148336374817;9,96569275846550e-01;;;;;;;0,10944248802199495;9,62320590083717e-01
8;5;;;;;;;;;0,9190371378601242;0,63066343176467055;;;;;;;1,1045640413479252;0,5834454219809693;;;;;;;2,55614376228470e-01;1,1097888521332202;;;;;;;0,93811028444491740;0,6836212174721721;;;;;;;-0,0813561092516418;1,4222144276759756;;;;;;;4,36368991649388e-01;0,9921375107089335;;;;;;;0,68517230449319122;0,8291086585196696;;;;;;;0,73698867840399951;0,80562880846125562;;;;;;;0,86570456025858855;6,67754865148601e-01;;;;;;;0,77392435895669598;6,87196304149007e-01
8;9;;;;;;;;;2,2743892367529153;1,08229965501799219;;;;;;;0,5048325213674969;0,9503218997527950;;;;;;;3,21399078007657e-01;1,0023236344730733;;;;;;;0,16948827423629564;1,0419100071629215;;;;;;;-1,3848232087403525;1,3756494714268686;;;;;;;7,06664134739317e-02;1,0275804065742704;;;;;;;0,43207924337567905;0,9418319434980931;;;;;;;0,48700905410765960;0,93014503544641858;;;;;;;0,45077154362514515;9,36951651339235e-01;;;;;;;0,41550869388755068;9,45970754397365e-01
8;2;;;;;;;;;-0,5322956254332023;1,04751685742787903;;;;;;;-0,2642385779240345;1,0158966130900704;;;;;;;-3,15887919770480e-01;1,0306411167433374;;;;;;;-0,26962966707613534;1,0192764573921971;;;;;;;-0,2945264393474340;1,0196121152180122;;;;;;;-4,56743773280574e-01;1,0602146864821524;;;;;;;-0,61640904264562824;1,0590145718627588;;;;;;;-0,45937884162520565;0,98962380104685121;;;;;;;-0,45821042053039568;1,14549883503950e+00;;;;;;;-0,47014571957527518;1,17747999943457e+00
8;1;;;;;;;;;-4,8255302843404140;2,13540354853813374;;;;;;;1,9764170151429354;1,3504954237446396;;;;;;;2,33529988174633e+00;1,6051111458048959;;;;;;;2,50346398269003867;1,5665263823690543;;;;;;;0,9527540202101149;1,2095848229622297;;;;;;;1,27920860070768e+00;1,1570330369668214;;;;;;;0,07532530445199441;0,9503610331803435;;;;;;;0,03692446813725277;0,95410825605763139;;;;;;;0,11401505049927457;9,90646071177651e-01;;;;;;;0,14699428139905008;9,83446700918203e-01
8;5;;;;;;;;;0,7840356008352214;0,58211641180334273;;;;;;;-0,0921280247049077;0,9610053903692277;;;;;;;-2,65346047219860e-01;1,0384692216660651;;;;;;;-0,33160317948754731;1,0658051302701086;;;;;;;-0,0835541727342771;0,9099205097620632;;;;;;;-3,91556296273689e-01;1,1341894543177622;;;;;;;-0,31719289874996809;1,2060411060226381;;;;;;;-0,17341138873207612;1,11512221987633620;;;;;;;-0,12523604858733675;1,01519852505168e+00;;;;;;;0,07360436542961883;9,00132183949468e-01
8;7;;;;;;;;;-1,2691008280290379;1,29482118264884360;;;;;;;-0,6259715477547305;1,0843433814030432;;;;;;;-6,64124994008325e-01;1,1029669138289897;;;;;;;-0,78298169078045265;1,1455237768856721;;;;;;;3,9940684674203237;-1,0452868563417115;;;;;;;-9,66638456603812e-01;1,1283786371824942;;;;;;;-0,23035369608947306;1,3239896478478907;;;;;;;-0,23920632441724851;1,31182259259183276;;;;;;;-0,46483203470250367;1,27431760590374e+00;;;;;;;0,20878070196571266;1,08687171732024e+00
8;6;;;;;;;;;-0,1513489620544618;1,07689053739425833;;;;;;;0,1869030107194662;0,9617153735204256;;;;;;;-3,27493439969693e-02;1,0874090554350424;;;;;;;0,13242911541381930;0,9920530772313562;;;;;;;0,0431201118291233;1,0564122543473051;;;;;;;3,51127189015051e-01;0,9523818146061412;;;;;;;0,09157890468054759;1,1354331141159064;;;;;;;0,06521926893465654;1,14710468983482405;;;;;;;0,21852505759082833;1,06326467608873e+00;;;;;;;0,39535409808493388;1,02934296409059e+00
8;8;;;;;;;;;-0,5111046786013401;1,00901191497620957;;;;;;;-0,9433693652868528;1,0631905856025814;;;;;;;-1,75638395158936e+00;1,3881808770063080;;;;;;;-1,33582587424329979;1,2394760115344452;;;;;;;-1,4924823624678440;1,2600784665517386;;;;;;;-1,22189508705636e+00;1,2042631530035655;;;;;;;-0,46226618110204148;0,6643759567024837;;;;;;;-0,42348599537235748;0,63621723229966265;;;;;;;-0,20318186073855143;7,85481227405797e-01;;;;;;;-0,51454433363883556;8,67517939425183e-01
8;7;;;;;;;;;0,4731210711954867;0,90777141118854565;;;;;;;0,1693285054736211;0,9299185510361369;;;;;;;-3,30933798367444e-01;1,2526853502551305;;;;;;;0,11068408881309520;0,9681385624414293;;;;;;;-0,0699338792809212;1,0843820388862853;;;;;;;-3,61603663870055e-01;1,2888957517150073;;;;;;;0,25939142474190480;1,0924996466240720;;;;;;;0,19420781869187806;1,13042689817596287;;;;;;;-0,20018744423351592;1,22613793181109e+00;;;;;;;0,09336178584312659;1,04894714969024e+00
8;1;;;;;;;;;0,2523492065949732;0,69433426081191962;;;;;;;0,1896559587036983;0,8897977942360598;;;;;;;2,00549086214239e-01;0,8890255957701955;;;;;;;0,17856055812583271;0,9005479763352275;;;;;;;0,3332642779106152;0,8546046095612984;;;;;;;2,16074151051900e-01;0,9065094865411668;;;;;;;0,45738871929243907;0,9158497017071636;;;;;;;0,51105136876042168;0,86992771246933598;;;;;;;0,24295264889308057;9,00177438082668e-01;;;;;;;0,20223266725822067;8,73494444476745e-01
8;4;;;;;;;;;-0,0584745782160768;1,20123245376673271;;;;;;;-0,2351368818852927;1,0270888179126945;;;;;;;-3,02417074634813e-01;1,0674797165295604;;;;;;;-0,28325642228303660;1,0578949994729028;;;;;;;-0,3186434681257138;1,0339331655649677;;;;;;;-1,01885870459762e+00;1,0101010222355273;;;;;;;-0,59527059453022269;0,0607294239921695;;;;;;;-0,44247424638579624;0,75480537375990520;;;;;;;-0,52990442479231836;2,77388442207085e-01;;;;;;;-0,44094826535819415;5,30923726032765e-01
8;2;;;;;;;;;0,5332373661677789;0,39928226832655617;;;;;;;0,2805925650026760;0,6018801132128531;;;;;;;2,79984897378707e-01;0,6033535574869642;;;;;;;0,27161210304002698;0,6151669276948234;;;;;;;1,1072952918311958;0,5415718027349118;;;;;;;4,54279049244652e-01;0,7065067471658116;;;;;;;0,07569718780232557;0,7173374984815701;;;;;;;0,03173537323964296;0,72274627127693891;;;;;;;-0,10976735422847637;8,62337427345956e-01;;;;;;;-0,00983445238070873;8,51696488716108e-01
8;5;;;;;;;;;-0,7419003965107583;1,32520629682702928;;;;;;;0,4400746751096736;0,8846995113349451;;;;;;;-4,26734327952181e-03;1,0332995533831986;;;;;;;0,31157415460483823;0,9257694087310469;;;;;;;-0,5520283527308618;1,0377315260996463;;;;;;;1,22642975665178e-02;1,0084668452949870;;;;;;;1,03416564266146982;0,5387858903470271;;;;;;;-0,34560555952286576;1,05423185406360531;;;;;;;0,70429084434761657;6,13717622352365e-01;;;;;;;0,59409569972308796;6,93332037389960e-01
8;6;;;;;;;;;-0,4346269386717331;1,32488327960133967;;;;;;;0,2677599652457026;1,1000185491670722;;;;;;;1,38751664478074e-01;1,2358801156844266;;;;;;;0,21033433845911093;1,1438973448198964;;;;;;;0,0072736234945314;1,3770155739765115;;;;;;;-2,02168415342812e-01;1,2093682207945551;;;;;;;-0,38163847028351622;1,2990529238655097;;;;;;;-0,03603135170454627;1,14212055856197159;;;;;;;0,08382983373903224;1,09071106645775e+00;;;;;;;0,98685421416984243;3,45057248112066e-01
8;9;;;;;;;;;3,2751768033770521;-0,13014435770867361;;;;;;;1,1098113767470767;0,5624872072107322;;;;;;;7,88121548509165e-01;0,6454252052508387;;;;;;;0,55451686424083824;0,7127927598449965;;;;;;;1,3523516172718226;0,4749327870451722;;;;;;;4,42895099548941e-01;0,7609971429400796;;;;;;;0,28465315010015119;0,8145478051705052;;;;;;;0,60545662023471436;0,73474327342095225;;;;;;;0,44493453493187912;7,90020933749092e-01;;;;;;;0,50257852089847355;7,93267655606078e-01
8;2;;;;;;;;;-0,6093972947634190;1,48220402902347437;;;;;;;-0,1874393717267657;0,9660057696883163;;;;;;;-1,93323884888737e-01;1,0868670978647752;;;;;;;-0,19822856890414106;1,0804996388098360;;;;;;;-0,0594471003293486;1,0722489306120264;;;;;;;-2,37296293314989e-01;1,0349357733678965;;;;;;;-0,27310611177253041;1,1507767076457638;;;;;;;-0,27713874588003351;1,14728964542303080;;;;;;;-0,34925070959960913;1,07951135309734e+00;;;;;;;-0,21949771021496173;1,07541256132956e+00
8;2;;;;;;;;;1,3540096602228675;1,65839567057332027;;;;;;;1,7668056472793519;1,1553118997116691;;;;;;;1,68165061899741e+00;1,4578700356782661;;;;;;;1,69599930368343799;1,2253384684208324;;;;;;;2,2155201971625704;1,3699419591856594;;;;;;;1,87950532500525e+00;1,3929443827940280;;;;;;;2,56887560955469807;0,9631582516525574;;;;;;;1,62840201012871000;0,95345309431773673;;;;;;;1,15579986725597905;9,25370721770614e-01;;;;;;;1,09172539500161081;9,34906867694238e-01
8;3;;;;;;;;;-0,2179197206969737;1,09181396043286405;;;;;;;0,2377377351805199;0,8589468713374576;;;;;;;8,29749976355635e-02;0,9992932486663265;;;;;;;0,22523922764146609;0,8869954495469122;;;;;;;0,1210121307846036;1,0340340059077984;;;;;;;2,18216537919564e-01;0,9899581817512613;;;;;;;0,13922024207850381;1,0338935972709531;;;;;;;0,10779789446341745;0,97412859916683869;;;;;;;0,13727556595955823;1,06907334593807e+00;;;;;;;1,62201496306330561;-7,40005722179850e-07
8;5;;;;;;;;;-0,1555887612523173;1,42635405435911422;;;;;;;0,1752078071530502;0,8676001858156613;;;;;;;1,69360222878999e-01;0,8708323370864132;;;;;;;0,13654821855779276;0,9073357556029752;;;;;;;0,2863389634714408;0,8455570217650082;;;;;;;-1,39776668999991e-01;1,0248039828672417;;;;;;;-0,37262948510526023;1,0247301246350102;;;;;;;-0,41630656544743128;0,98882503569892544;;;;;;;-0,35292719581498266;1,01398443742835e+00;;;;;;;-0,31870710541796299;1,01131687009188e+00
8;7;;;;;;;;;-1,2935702782601566;0,95613006155395297;;;;;;;-0,3495227771843936;0,7888341516690995;;;;;;;-3,89916838108973e-01;0,8049599079528158;;;;;;;-0,34523128484916665;0,7883073179664416;;;;;;;-0,2080869890917007;0,7258993709709000;;;;;;;-4,45075931954970e-01;0,8658465121972475;;;;;;;0,29947510569572355;0,9365904928657358;;;;;;;0,28548853959944703;0,92109466047612432;;;;;;;-0,01103407376097497;9,31431078383634e-01;;;;;;;-0,02172640380869500;9,28956182464343e-01
8;8;;;;;;;;;0,3770529648033811;0,80252986487673528;;;;;;;-0,3873830495857641;1,0906290170420621;;;;;;;-3,87829240125112e-01;1,1245144500628177;;;;;;;-0,36929605734743121;1,0993257977695208;;;;;;;-0,2937849149188858;1,0988775728975577;;;;;;;-3,62954649170833e-01;1,0844439297614101;;;;;;;0,26670196420630871;0,8084756224338434;;;;;;;0,25646386543134053;0,80932301761987357;;;;;;;0,22389869391737555;8,24016937649206e-01;;;;;;;0,80341437304512608;5,69073948788537e-01
8;5;;;;;;;;;-0,6614344774089879;1,23306014122160934;;;;;;;0,2343166661550182;0,8955325785330971;;;;;;;2,29135117277001e-01;0,8975289709163570;;;;;;;0,17446610611192692;0,9274502054161203;;;;;;;-0,0159622086775209;0,9143768429482395;;;;;;;4,35849521539301e-02;0,9850157230766351;;;;;;;0,16056479556036213;0,9486592425002112;;;;;;;0,16780561297276830;0,94467186057450170;;;;;;;0,53182347605920888;8,36466117290172e-01;;;;;;;0,53877367902694240;7,79514641899505e-01
8;1;;;;;;;;;-1,7281152785891314;1,75141383193841227;;;;;;;0,3257746760057066;0,6834426704182824;;;;;;;3,50891835985514e-01;0,7652995924790025;;;;;;;0,35748265494692061;0,7334382561739748;;;;;;;-0,1713076613442269;0,3659094542477291;;;;;;;-2,01697063176116e-02;0,8855379238969483;;;;;;;-0,02419287060270370;1,0193936896062068;;;;;;;-0,06364096716669164;1,00634988381384782;;;;;;;0,04108451333822089;1,07422897223364e+00;;;;;;;-0,03051835840960291;9,86846630268910e-01
8;4;;;;;;;;;0,8689201107750740;0,60603642744343134;;;;;;;-0,0357433016470134;0,8830323643687797;;;;;;;-4,28291224707639e-01;1,1334349611940377;;;;;;;-0,05084817719993499;0,8908267080448362;;;;;;;-1,1779058423794311;1,5712665015430973;;;;;;;-3,45449359238689e-01;1,1763594626948624;;;;;;;0,79832920408385799;0,5233214903180814;;;;;;;0,78749651391827047;0,53231763672488386;;;;;;;0,55427814823063559;6,72263897472254e-01;;;;;;;0,56329258603967858;6,42769514908407e-01
8;4;;;;;;;;;-0,1126562529457689;0,97801173962438503;;;;;;;-0,0721530141990103;1,0456978669819312;;;;;;;-1,12955672239802e-02;1,0277306971374849;;;;;;;-0,10263787470714666;1,0775946705859303;;;;;;;0,1846831919656444;0,8758909936494647;;;;;;;-2,60782992020085e-01;1,1798177532228702;;;;;;;-0,03671251665827489;1,0325653130358090;;;;;;;0,07881866114484683;0,93440985951204969;;;;;;;-0,08000551995534924;1,01858033211567e+00;;;;;;;0,05265200432826186;9,11429140573023e-01
8;6;;;;;;;;;0,3715491080691773;0,93179540982376863;;;;;;;-0,0270201838843911;1,0139085779374093;;;;;;;-5,34812879885598e-02;1,0249799602694978;;;;;;;-0,36428668631544842;1,2521038532710791;;;;;;;-0,2802641503076906;1,1584234585300499;;;;;;;-5,23541812292302e-01;1,3197060009918429;;;;;;;-0,32475483935512212;1,3203788902244844;;;;;;;-0,81285409102390560;1,48992660595243187;;;;;;;-0,15379735507778017;1,20730428108482e+00;;;;;;;0,18015075811550213;9,21419510704700e-01
8;9;;;;;;;;;3,6665243773295235;0,68132553177409416;;;;;;;0,4604063870245295;0,8822209666355222;;;;;;;1,64981992264955e-01;0,9260511061445446;;;;;;;0,21030104237605951;0,9191670749228843;;;;;;;-0,3867406419228385;0,9997083733653548;;;;;;;9,37495673196678e-02;0,9341929141823047;;;;;;;0,54078952085238585;0,8728061089333434;;;;;;;0,52386128491406614;0,87934502198010711;;;;;;;0,24106403038228702;9,60376942022697e-01;;;;;;;0,10513605266868858;9,90759108648851e-01
8;8;;;;;;;;;0,9092270161723706;0,81971102840349674;;;;;;;0,4462947984548637;0,9109438518552947;;;;;;;4,50345195531995e-01;0,9039244202115334;;;;;;;0,38745972002742268;0,9337428245651290;;;;;;;0,7228854730147911;0,6935048380344520;;;;;;;5,31214859287921e-01;0,8977028134274471;;;;;;;-0,24586895407610102;0,9291891491967090;;;;;;;-0,14245875210935155;0,94774996896099895;;;;;;;-0,32009179938588439;9,93617725937861e-01;;;;;;;-0,24490789505098487;9,60405132321182e-01
8;4;;;;;;;;;-0,2517540845982632;0,96815372205653549;;;;;;;-0,2914338197479634;0,9379569967929328;;;;;;;-4,21265536694931e-01;1,0414757443258049;;;;;;;-0,41632032966493859;1,0198938813459759;;;;;;;-0,3720922783867898;0,9940435121593506;;;;;;;-5,03072781634395e-01;1,1656377870256562;;;;;;;-0,08985438591435214;0,9493215681017113;;;;;;;-0,30357876027262265;1,08450449138730654;;;;;;;-0,37200388637962828;9,85230577263007e-01;;;;;;;-0,01830000209064254;8,59315247890092e-01
8;9;;;;;;;;;0,8569743870784542;1,07900341743140604;;;;;;;0,2538670496249073;1,1271719675506409;;;;;;;2,33980111263734e-01;1,1437452910627848;;;;;;;0,07825004709998966;1,2144099069166445;;;;;;;0,4977907138025048;0,9698529777091002;;;;;;;1,71337268248731e-01;1,1206895839302220;;;;;;;1,08026550458242343;1,0215898513712340;;;;;;;1,01567842057501290;1,02427853777014954;;;;;;;1,29769649551017552;7,65060758200221e-01;;;;;;;2,84503172440050189;2,92784110362790e-01
8;8;;;;;;;;;-0,5125537011754864;1,33183953614830175;;;;;;;-0,2687323747139482;0,9630250103326946;;;;;;;-3,23512297796024e-01;0,9944348846931027;;;;;;;-0,28008180592278187;0,9683542154034963;;;;;;;-0,2010643155933673;0,9963416033456447;;;;;;;-4,32332053661087e-01;1,0085142834694352;;;;;;;-0,27248098369910351;1,0144499896342303;;;;;;;-0,28351522747238872;1,02171812469760614;;;;;;;-0,25076997642063681;1,01768843421126e+00;;;;;;;-0,27287902160455735;1,05653755179408e+00
8;1;;;;;;;;;-3,0691586960330857;1,37078865511559345;;;;;;;-0,8968073865079393;0,8236759688584657;;;;;;;-5,60980704575274e-01;1,2810385607086743;;;;;;;-0,87039400117465715;0,8501089307043961;;;;;;;-0,7724961435792133;0,8419570272015071;;;;;;;-6,04808857013586e-01;1,0996247624563196;;;;;;;0,50194454895793361;0,9799451783755458;;;;;;;0,34435693087393937;0,96622922462069039;;;;;;;0,26937585863088748;9,72131771754027e-01;;;;;;;0,20350611179575062;9,56776185730700e-01
8;6;;;;;;;;;0,8937455989552262;0,88408627211968016;;;;;;;0,1735284038707784;1,0181276498388576;;;;;;;1,43174108749023e-01;1,0241166991759165;;;;;;;0,16213989638779505;1,0243964923037689;;;;;;;-0,0210633659586615;1,3919786730966728;;;;;;;3,24815226498689e-02;1,0834810251038416;;;;;;;0,06370004673954924;1,0698369243508266;;;;;;;0,05785954416510123;1,05291168900514709;;;;;;;0,02016687635783502;1,14263857830560e+00;;;;;;;0,21629566161280520;9,64363042064505e-01
8;6;;;;;;;;;0,0337190432774635;0,99893083148402861;;;;;;;-0,1043205045133737;1,1056187868764105;;;;;;;-7,26953272983807e-03;1,0463344452921239;;;;;;;-0,32353986783085609;1,2723849368635207;;;;;;;-0,4271507826224322;1,3214575150616950;;;;;;;-1,59460820376501e-01;1,2069550881445050;;;;;;;0,33003163373140165;0,8927599864928273;;;;;;;0,43693430855470738;0,88856337694651377;;;;;;;-0,56294868090055905;1,35515582966168e+00;;;;;;;-0,08952689391691800;1,08781329462249e+00
8;6;;;;;;;;;1,1899737178416998;0,44703485446499930;;;;;;;0,6695576910254893;0,7261619593842386;;;;;;;6,57426844804823e-01;0,7336690971551747;;;;;;;0,61097472848869439;0,7613948036469133;;;;;;;0,9630044493693867;0,5597841295513751;;;;;;;6,89662324660598e-01;0,7597692988649463;;;;;;;0,48060720990859290;0,6980842691636922;;;;;;;0,41709215443446790;0,72105058392138921;;;;;;;0,34374366637789250;8,82505947208724e-01;;;;;;;0,24356922681699686;8,93355112183737e-01
8;8;;;;;;;;;2,2135880449025032;0,56504472853205345;;;;;;;0,8774903384905099;0,6968495573449476;;;;;;;-1,78660249308435e-01;1,0198848550976722;;;;;;;0,64912344439567105;0,7691577528815668;;;;;;;0,3610644282921963;0,9656123348246820;;;;;;;5,79987638091822e-01;0,9044852071255426;;;;;;;1,02420522933329772;0,7371081050939972;;;;;;;0,97049229599314257;0,74666669158575916;;;;;;;0,64335113407600031;8,10684503716236e-01;;;;;;;0,49481711485126306;8,83087006160056e-01
8;5;;;;;;;;;0,3186542186874597;0,88055557495985559;;;;;;;0,5426150126234788;0,7475773748175809;;;;;;;5,41121309677207e-01;0,7502082517002130;;;;;;;0,49433928124051790;0,7828137927670753;;;;;;;0,5555885380278834;0,8082848064467026;;;;;;;2,98031400408310e-01;0,8198495345126837;;;;;;;0,42061901807066154;0,7789997295072943;;;;;;;0,37651822837673371;0,82376299809282161;;;;;;;0,56578984628391227;7,06952526746349e-01;;;;;;;0,49970081273383166;7,49932531049831e-01
8;4;;;;;;;;;0,8261754033563984;0,60052883683053526;;;;;;;0,7637330133173150;0,6947330940180670;;;;;;;6,68651210267618e-01;0,7707569541876309;;;;;;;0,57585824741114733;0,8081663474944389;;;;;;;0,8306208022618202;0,6638709120213522;;;;;;;5,04420149489747e-01;0,8338579455877960;;;;;;;0,32804763778193441;0,9286089674297310;;;;;;;0,42150117940396481;0,85578926765599661;;;;;;;0,33192407430016907;9,18214085611140e-01;;;;;;;0,43682719197429709;7,94250298027759e-01
8;6;;;;;;;;;0,5493619969330774;0,93865516537551952;;;;;;;0,8100186990662007;0,7572751210487045;;;;;;;8,05268840314602e-01;0,7593365799680204;;;;;;;0,77571779119043682;0,7742493195404124;;;;;;;0,6652878908163209;0,7971587026745849;;;;;;;5,42781724786148e-01;0,9217505441918495;;;;;;;0,35139511516908661;0,9237041266718963;;;;;;;0,34625107454566928;0,92500112413889979;;;;;;;0,40437076352226259;9,43618546654098e-01;;;;;;;0,98001877438172258;7,85972544135972e-01
8;8;;;;;;;;;-0,5622251074658474;1,38853222947549781;;;;;;;-0,6519315609055575;1,1369222857696135;;;;;;;-1,05134953711146e+00;1,2821080034850154;;;;;;;-1,08229109182780081;1,2830630681032509;;;;;;;0,6357996685483157;0,7953428838621689;;;;;;;-2,72909310269755e-01;1,1050075406081179;;;;;;;-0,10532547542836722;1,0074961798882707;;;;;;;-0,03759118838373782;0,99376367149315570;;;;;;;-0,12663395553624293;1,02238677502829e+00;;;;;;;-0,06514035637221775;1,01214329715783e+00
8;4;;;;;;;;;0,2719106061066928;0,70234515290656419;;;;;;;0,0642105820214390;0,8258976160608315;;;;;;;3,71238431765307e-02;0,7867916889088709;;;;;;;-0,14413969986183842;0,9171149081919716;;;;;;;-0,1943317229101982;0,9018342259366321;;;;;;;-3,75790211647665e-01;1,0548471685070004;;;;;;;-0,64106416397899113;0,9903729172371813;;;;;;;-0,31359335352764917;0,87087207129464583;;;;;;;-0,40517690835069303;1,03602734053719e+00;;;;;;;0,09886000630523981;8,24292845591493e-01
8;4;;;;;;;;;0,2750162096167700;1,02183819194547865;;;;;;;0,3746370958129547;0,9666519752694571;;;;;;;3,17868746260835e-01;1,0052121088746422;;;;;;;0,36717360470371108;0,9721591542027722;;;;;;;-0,0772229407417726;1,3792175021980260;;;;;;;6,02688360368936e-01;0,9531801501420057;;;;;;;0,94704200545883643;0,9748503267704823;;;;;;;0,97486123332165819;0,96816863862188285;;;;;;;1,42058849290452582;9,54882090169185e-01;;;;;;;0,93796370955869013;7,84449865983824e-01
8;9;;;;;;;;;2,0310191014340151;0,98989854369771113;;;;;;;-1,7817514284276004;1,4960692864238450;;;;;;;-9,71041289991690e+00;3,8334674856482183;;;;;;;-2,01699576801383262;1,5581184433794002;;;;;;;-2,3224611626173934;1,7921021378276545;;;;;;;-4,34055042949667e+00;2,3016449365288949;;;;;;;0,00648813330329959;1,0137722370439093;;;;;;;0,11657085693771030;0,99415831578477276;;;;;;;0,13012046550348047;1,02540508535434e+00;;;;;;;0,16728829095982295;1,02519539311786e+00
